brandM,brandT,brandG,fitSt,fitBo,fitWi,black,lblue,none,price,id
-0.495212438,0.856849573,-0.283026163,0.454024224,-4.391238934,-4.244206881,-0.188314393,0.090897543,-5.994947447,-3.383350878,3
-1.28187149,-0.289835912,-1.338925588,-1.574476871,-1.805188708,-2.811092364,-0.57284702,-0.21431611,-9.720358241,-5.394254902,5
-0.534709059,-0.966797615,-0.455228518,-4.799648241,-7.300968537,-8.447016646,-0.357218028,-0.350750831,-10.64311445,-9.907554796,6
-0.645300854,-0.586648585,-0.802486425,0.035021448,-2.518875829,-3.575501543,-0.109739381,-0.459950689,-10.76995922,-11.96837124,7
-1.229818221,-2.217036631,-1.862832031,-0.527745778,0.408848189,-0.746920339,0.079273226,-0.472372123,-1.785112781,-2.178394576,8
-2.472164871,-0.886841998,-2.666003377,-4.072858952,-6.439007377,-7.346741648,-0.064186637,-0.628555848,-4.865837105,-2.872835799,10
-1.205369755,-0.526774313,-1.161299259,-3.826260802,-6.86635359,-7.493570535,0.0911707,-0.798459734,-5.202416938,-4.262987887,14
-0.428214736,-0.017865978,-0.07410017,-5.083276434,-7.015251623,-8.570350583,0.050600296,-0.717130265,-12.84443843,-14.05813237,15
0.23256008,-1.124704206,-0.031965098,0.709927753,-2.315516275,-0.740572064,1.37920173,-0.580517402,-5.540148446,-6.504251138,16
-0.618627863,-1.746580723,-1.12264336,0.522697734,-1.502953456,0.101988273,0.095409592,-0.481205082,-10.13455136,-10.70176655,17
-1.307880896,0.219275656,-1.271760393,-0.844497328,-4.968792577,-5.551286954,-0.365642509,-0.224182802,-7.78723131,-7.064883791,18
-0.964418929,-0.145937476,-1.260096702,3.424619308,-1.633377505,-1.590444044,-0.038237444,-0.608831356,-2.14301119,-4.726496604,21
-2.283372736,-0.986759967,-2.457971836,-4.360826736,-7.133084644,-8.069700725,0.07318809,-0.99089767,-5.310888684,-3.387873089,24
-1.532968007,-1.190943611,-2.019402176,0.417033086,-0.270831954,-0.1191348,1.306242481,-0.573156514,-4.865905086,-6.056508175,25
-1.708343246,-0.845954595,-2.179969543,1.771727441,-2.900609767,-3.093398475,0.269807245,-0.655121563,-5.868559877,-6.240024425,26
-0.852152171,0.187757204,-0.449842882,-6.248690083,-4.480322016,-7.263912897,0.747756698,-0.239027242,-10.80123425,-4.697842278,27
-1.186291234,-2.475132972,-1.8565638,-0.855205983,-1.233394694,-1.17012418,0.051865832,-0.835240175,-6.972856052,-6.013963678,30
-0.840133316,0.113983731,-0.852239843,0.033874737,-0.145442261,-0.473432444,0.147303614,-0.6269795,-4.79602064,-2.82735045,32
-1.795132255,-1.604470858,-2.172200159,-2.701569996,-5.651842779,-6.952204182,-0.269382044,-0.972751062,-9.836403775,-8.234401818,34
-0.359261225,-0.419437087,-0.168949407,-4.140175127,-7.500222694,-7.742686836,0.069690746,-0.261978799,-10.36386091,-5.104241364,35
-0.715059037,-0.942412089,-0.646405042,-5.305772544,-5.588526001,-7.479143973,0.843832793,-0.491469366,-11.00521838,-9.432029363,36
-1.214962303,-1.092081276,-1.447306342,-2.376197591,-5.595050702,-5.898305985,1.378318303,-0.173886369,-4.468275877,-3.126345731,37
-2.214607967,-1.800957468,-3.015105892,1.574219059,1.411968681,0.881707605,0.816603658,-0.502893592,-7.281067267,-6.506962057,39
0.153474508,-0.296078004,0.493758155,-5.262458964,-7.651026128,-6.624403789,0.814982783,-0.330121483,-9.288977759,-5.326578332,40
-1.516394185,-1.232530775,-2.122791715,2.594691063,0.689977218,-1.52230377,0.376387963,-0.861242491,-6.161203861,-5.958211419,41
-1.291000814,-1.629196975,-1.477867757,-4.846669727,-7.865997707,-8.682349127,-0.089369823,-0.71389796,-8.753023255,-4.863795173,43
-2.564837729,-1.604142165,-2.96914476,-4.054791519,-1.756882614,-5.226609724,-0.263193381,-0.336596973,-9.679298013,-4.534381914,44
0.28549478,-0.217095901,0.489783883,-2.031166683,-6.325325956,-6.988216642,-0.341689145,-0.618128827,-8.910028224,-8.017314178,45
-0.057278448,0.788847642,-0.107847646,4.396748651,2.668228717,3.227106706,1.686656204,-0.586106583,-1.995325838,-2.742738662,46
-1.607737732,-0.793829729,-1.762296318,-2.672241579,-3.770284181,-5.495755049,0.019495476,-0.838272186,-7.395705141,-6.370075588,47
-0.59141236,-1.036282139,-0.533886038,-4.971303483,-6.939972118,-8.349189541,0.006447901,-0.459867932,-13.38954335,-14.93645079,48
-0.215114341,1.362467503,0.307377314,-2.127474904,-1.465074285,-4.368047104,1.306170388,-0.921331975,-6.170392638,-5.473921434,57
0.603169135,0.503635112,0.95937536,-1.303224268,-3.20509747,-2.926802856,0.50403723,-0.744317789,-9.739654275,-6.951348812,58
-1.907320147,-1.118921654,-2.045481086,-4.505573857,-7.539269063,-8.680950963,-0.922011013,-0.441895606,-9.184543883,-6.777813038,59
-2.16322841,0.065229208,-2.229934899,-1.809644001,-4.256204436,-3.594864416,-0.068590711,0.102264769,-3.887910036,-2.925747128,60
-1.501209552,0.367554305,-1.435980956,-1.487207399,-1.373704929,-1.343671164,-0.104449447,0.054417889,-9.709883993,-5.883155434,61
-1.230368623,-0.982583052,-1.14186434,-6.460468933,-8.956220787,-9.928675729,0.100933728,-0.512723509,-9.584949181,-5.033850315,62
-1.084484932,-0.954963392,-0.961954131,-6.580100026,-9.181174821,-9.931782073,0.107780693,-0.586470165,-8.858313824,-4.644906673,63
-0.661894637,0.480090817,-0.641401988,1.561035669,-3.724496971,-3.693272935,0.133095479,-0.299311757,-5.045339445,-3.822551587,67
-0.108979918,-0.467390923,-0.125823378,-0.600805693,-4.337523794,-4.996235676,0.116398936,-0.4714885,-9.710465575,-12.92195418,73
-0.547795843,-0.13563761,-0.780948896,2.891219278,3.524527207,2.773126136,0.373875112,-0.587367066,-7.185354228,-11.71740083,75
-1.114794169,-1.009177433,-1.021826876,-6.396199624,-8.699019019,-9.733172645,0.017215055,-0.503083516,-9.923398922,-5.553312452,78
-0.19617567,-0.254215646,0.12149365,-5.041666226,-7.197649666,-8.752201111,0.301655401,-0.922484992,-10.49319765,-10.79437809,79
-0.239959488,-0.834583367,-0.264426702,-2.373269115,-3.360929611,-4.999537816,0.563132895,-0.74403132,-7.479343425,-8.784599088,82
-1.277058795,-1.852930647,-1.659724257,-2.640413739,-6.070104702,-6.729749247,0.086733982,-1.366087247,-5.862124535,-5.055168752,83
-1.730385095,-0.934734905,-1.966594084,-2.246380299,0.106092335,-2.910437758,-0.081037492,-1.299455567,-8.010213992,-7.741094103,85
-0.748497902,-0.619799286,-0.767088475,-2.817887108,-5.425064925,-4.945142099,1.109030555,-0.598666497,-7.890719829,-4.518939329,88
-1.201694511,-1.366411265,-1.598475927,-0.483374715,0.332451258,-1.898171807,-0.21556449,-1.136936033,-8.365841582,-4.922791787,91
-1.232679863,-0.684770261,-1.528255429,0.60904118,0.92126666,0.708967977,-0.32349879,-1.070974596,-5.717728846,-6.193933834,93
-1.311194402,-0.491927819,-1.593026265,0.911353758,0.073713088,-2.533055907,0.280475539,-0.492698844,-5.754442232,-3.068430361,94
-2.542262608,-0.384491484,-3.09633943,2.924519927,3.18997905,2.05791527,0.471226345,-0.20326603,-2.735018417,-3.580462108,98
-1.526845176,-1.616481801,-1.905401745,-2.435015126,-5.220402001,-6.219981223,0.109046579,-0.431654596,-11.62974479,-13.522752,100
-1.906711962,0.56258745,-1.893792539,-0.352390531,-3.98928366,-4.582598616,0.290507278,-0.96035471,-2.284940181,-2.667301107,101
-1.056943354,-0.96495759,-1.448983782,1.387987825,-3.335123732,-3.496459361,-0.009882317,-0.381378765,-4.862873537,-6.251959195,102
-0.490538054,-0.887372788,-0.715677513,0.109778911,-1.056395068,-2.114559133,-0.24393325,-0.42192121,-10.74315313,-8.642046226,104
-1.773330357,-1.717874774,-2.163312532,-3.317480708,-5.203647088,-6.239925423,0.469910969,-0.285693509,-7.685983228,-3.664444064,106
-0.179885535,-0.771055442,-0.039273386,-4.243699304,-6.874499335,-7.791710182,-0.274970175,-0.725421693,-10.8851415,-10.99647787,107
-1.083853883,-1.927012464,-1.394082916,-3.833467117,-6.626672145,-7.932758156,0.52859749,-1.179846604,-7.919057881,-7.273178644,108
-0.163242853,0.325655535,0.126065875,-2.547249507,1.34944555,-2.767507614,0.507401867,-0.771471753,-9.124064528,-5.377619139,109
-1.124948634,-1.113104903,-1.402232901,-0.951079603,-5.222692434,-5.871215997,-0.200324073,-1.032690953,-7.45648463,-5.263771715,110
-1.250496324,-1.211184085,-1.8261342,2.205458521,2.169949978,3.563980483,0.664694449,-0.042753406,-5.161248713,-3.549791474,113
-1.60386311,-1.307447441,-1.883548756,-3.270824625,-1.425700402,-4.446522739,1.167115825,-0.657317844,-8.389990307,-7.870341028,117
-1.31696457,-0.641170339,-1.246164986,-4.934970654,-7.233019212,-8.503261156,0.257348863,-1.054965655,-7.931550248,-5.934827315,119
-1.90359667,-2.41537765,-2.797515489,1.356643509,2.862146608,-0.492781135,0.583793059,-0.876791938,-6.085498947,-8.831432296,120
-1.233439922,-0.035150627,-1.017337419,-4.364032361,-6.99108801,-8.339670997,-0.499172361,-0.849701308,-9.852718054,-10.07838451,121
-1.659380383,0.992633351,-1.505858744,-0.497672372,-1.267036024,-3.642038517,0.622974354,-0.84745946,-2.498552868,-2.349848282,124
0.397358725,0.973793701,0.91650262,-1.874549119,-5.305821192,-4.742067783,-0.891678509,-0.4469358,-10.66294072,-7.279630404,125
-3.109322093,-1.478083481,-3.836549401,-0.009030719,0.858524416,1.585270679,0.136072751,0.115907145,-7.920340286,-3.866994378,127
-2.01264527,-1.160253053,-2.501246925,-0.113898362,-1.856487481,-0.936007632,0.515039502,-0.749059126,-7.65275135,-4.281267815,130
-3.834550601,-3.026822691,-4.997929436,-0.767831089,-1.332175205,-1.208694152,0.399036915,-0.490019665,-6.167842624,-3.986469441,131
-1.897744858,-1.155277977,-2.224465568,-1.655422595,-5.285123039,-6.182914582,-1.14890897,-0.490964128,-7.409564485,-6.962724674,134
-1.332225231,-1.040522044,-1.305800703,-5.728780362,-8.245550073,-9.334197983,-0.572402823,-0.531608588,-9.883656683,-6.344129472,135
-3.662350987,-1.635802698,-4.518444053,0.529410279,0.961915731,-0.273160598,0.089546983,-0.680107238,-6.38563976,-2.526538866,138
-1.454599709,-0.790234618,-1.748490251,-0.607688759,-2.480830293,-0.387898636,0.182210773,0.004729809,-7.710578938,-4.384408718,141
-0.859222634,-0.856223448,-0.988504557,-2.027311598,-5.69545632,-6.392820266,0.998523177,-1.064759755,-5.382827008,-4.798684455,142
-0.851224952,-0.48469739,-1.223080229,2.756942526,1.508454087,2.158471593,1.583632379,-0.723122323,-1.071469919,-4.061808083,147
-0.204188607,0.528905078,0.060399762,-1.106829641,-4.381390945,-5.191006712,-0.189861861,-0.098253137,-11.09685587,-11.35653144,148
-0.555475122,-0.259143247,-0.740117379,0.992602963,0.937603214,0.969155535,2.70046977,-0.815478436,-2.878717359,-3.083745158,149
-0.814812098,-1.192847121,-0.871884422,-4.161885861,-2.887223138,-5.795848496,-0.429078615,-1.038201768,-12.81345098,-13.65527134,152
-0.908046147,-0.413094446,-1.190650872,2.019114958,-0.764920196,0.609655385,0.097315222,-0.503521834,-2.088194541,-4.804113272,153
-1.503984651,-0.363185767,-1.801057797,0.865315454,1.547911118,-0.328185278,1.095446553,0.083875853,-6.240978555,-7.071367404,154
-0.370756632,-1.004786457,-0.552247205,-1.13826105,-5.215596881,-2.15404522,1.336127079,-1.521030246,-6.940327871,-3.59077392,156
-0.233528665,0.086499928,0.042658115,-3.13488744,-7.505764041,-7.260873987,-0.131436644,-0.039363589,-9.638908502,-4.620014766,160
-0.516157112,-0.32278876,-0.441895586,-2.235523008,-3.273710797,-5.162633819,-0.017817024,-0.634532085,-12.23091136,-13.66452479,161
-0.961087519,-2.165021493,-1.329010329,-3.724260792,-6.70798458,-7.042744866,0.132075869,-0.349255533,-6.636489894,-4.207509858,162
0.206076754,-0.775006267,0.140298774,-0.727554116,-3.798985839,-2.756139866,0.731789233,-0.972359158,-7.717804941,-5.14650834,165
-0.063364362,-0.078811646,0.078712346,-1.511679014,-1.242374271,-4.004246537,0.608369412,-1.364842094,-9.432377925,-10.1815189,166
-1.30824569,-0.350118011,-1.290025867,-2.821688826,-5.987965435,-6.658367396,-0.38603966,-0.57605991,-7.316283293,-6.442137128,168
-0.992323825,0.339382395,-1.047073845,0.973498916,1.486128316,0.602862644,0.641013582,0.322168888,-9.360970526,-8.054528665,169
-0.135587507,-0.437811062,-0.434398172,3.515932946,-1.357101218,-1.730362982,1.038004493,-0.242662125,-5.772319844,-9.724201345,172
-0.592514961,-0.187648916,-0.613145365,-0.332756096,-3.901077865,-1.415066165,-0.209978827,-1.237319233,-7.85534698,-5.583120286,173
-0.10974641,-0.432344747,0.040405552,-2.724373889,-6.832424425,-6.99176363,-0.926718469,-0.338665246,-7.536341707,-5.402940314,174
-1.085168683,0.718039301,-1.145301592,3.379927045,3.435999332,-2.459027861,-1.282439353,-0.418011172,-8.139051789,-10.36556547,177
-2.169206186,-1.800249405,-2.934127911,1.284370316,0.625680605,3.03234922,-0.096314887,-0.423250242,-1.148509975,-2.091243554,178
-3.788295147,-3.286971115,-4.970682419,-1.365842853,-0.036736749,-1.386573689,-0.217054304,0.033544023,-7.637660619,-4.121195362,183
0.087653978,0.418496374,0.232488821,-0.061414706,-0.974475701,-0.298443408,2.785402772,-1.046928892,-1.585977382,-2.480337774,184
-2.419214555,-1.720940383,-2.808248096,-4.379444158,-7.070663666,-7.890695183,0.188874276,-0.707762608,-6.601435836,-3.804971227,187
0.218872197,0.241754626,0.313404951,0.392394163,-1.290882345,-0.588681521,1.640400574,0.295805943,-6.247992434,-4.513789596,189
-0.727106261,-0.885532576,-0.921786674,-1.13550925,0.362126506,-1.206622814,0.460339438,-0.332754655,-9.201143495,-5.978954371,191
0.585119388,0.529686534,0.965932909,-1.898742883,-2.056031183,-0.44279098,0.999070072,-0.585730683,-8.107025243,-11.50621552,194
-0.786311966,0.019525634,-0.452864187,-5.161463193,-7.708350296,-9.416280524,-0.241212923,-0.772247573,-11.39872257,-10.58263244,196
-2.362384735,0.154448491,-2.53708687,-0.198720205,-1.19731884,-2.658443531,-0.016515594,0.059600144,-5.421285332,-2.726006825,197
-1.083924386,-0.999055066,-1.588283646,2.199082379,4.898990536,5.048826525,0.619263365,0.091059397,-4.742380747,-3.748728664,199
-1.582735121,-0.473476536,-1.743026991,-1.352076162,-2.385867532,-2.811517196,0.087769284,-0.78922256,-5.236170164,-4.592104758,200
-1.576190412,-0.792575125,-2.063977296,2.044523236,-0.414977041,1.004491152,0.539025687,0.361147761,-4.841574465,-5.395944843,201
-2.574745131,-2.442020701,-3.393635485,-0.828593391,-0.532839265,-3.541337686,-0.431193836,-0.956882187,-5.528951975,-4.309010894,202
-0.855048954,-1.502452695,-1.337390039,0.496080051,1.615636579,0.260658005,0.8296798,-0.563551982,-8.36424211,-7.998855929,203
-0.527821441,-0.872434347,-0.687378678,-0.578905599,-4.94621732,-5.721522814,-0.638889148,-0.608833964,-10.7126598,-10.44662643,206
-0.768288501,-0.923557103,-1.051289182,0.063703532,-0.82403864,-0.571982412,0.236989785,-0.208126917,-12.0629033,-14.86436749,208
0.070527302,-0.060521582,0.120278253,0.209416692,-0.143938651,-0.947990853,-0.453399158,0.012069034,-13.38663519,-13.19986644,211
-0.11569345,0.2221613,0.242575706,-3.603990721,-7.303701461,-7.67764937,-0.070245654,-0.270853722,-9.374065694,-4.414009544,212
-0.983451111,-0.673741439,-0.806157444,-6.326069168,-5.839642118,-7.843723493,0.060503094,0.136055276,-11.38326889,-5.770435453,213
-1.442109717,-0.220631136,-1.764948782,2.295818175,1.695893632,-0.075261665,0.762096568,-1.152361251,-4.478069723,-4.603989616,214
-0.905782594,-1.166288748,-0.971109183,-4.245326155,-7.107991974,-7.744970438,0.147462691,-0.445512053,-9.832995022,-7.273484939,218
0.01633411,-0.148231974,0.107541011,-1.057309735,-0.121868856,-1.868439923,0.284601787,-0.136655429,-6.531738171,-3.41348146,219
-1.858698535,-0.448095674,-2.1554253,-0.431531781,-1.668000494,-0.548258954,1.691127247,0.350328745,-3.093936882,-2.011212729,220
-2.416195323,-0.579871509,-3.120687045,4.500306816,4.387621705,4.864444071,1.057162984,-0.362827244,1.858541405,-2.327974435,222
-2.611914171,-1.715015533,-3.242615987,-1.380037702,-5.095739777,-3.361393802,0.445499305,0.170177384,-9.652724513,-4.133546946,223
-3.679603015,-1.384637553,-4.394932368,-0.761465508,0.710518429,0.172297805,-0.144348426,-0.071677891,-6.988274434,-2.78755852,225
-2.381936341,-1.503785553,-2.72827268,-3.959413323,-6.638817952,-7.812848055,-0.077384435,-0.85173515,-5.860088316,-5.004578913,226
-1.473291225,-0.272505449,-1.848626792,2.671294576,2.21713721,1.38055343,0.666967761,-0.223829561,-3.291562157,-4.71428204,228
-1.662932696,-1.647582479,-2.072997666,-2.55156011,-5.513404533,-6.225337577,1.242279755,-1.089919964,-5.114205494,-3.891887032,229
-1.587926622,-1.236520958,-2.061427284,0.346142358,-2.212625077,-0.261931933,0.151973645,-1.078423466,-3.830242088,-3.198646542,230
-0.613541843,-0.718117764,-0.718070319,-1.658915942,-5.101914294,-5.448963171,1.648227645,-0.646619091,-4.331559097,-5.391629087,231
-1.27472332,-1.560282344,-1.836475525,0.665156609,-0.213378105,0.447705877,0.765845304,-0.30383828,-8.012782606,-8.485859295,232
-0.721507039,-0.945274551,-0.933527161,-0.73467423,-3.603816384,-0.703612228,-0.848381994,-0.119613668,-7.08512164,-3.328170367,233
-1.548774133,-0.666483358,-1.891574265,0.806831254,-3.734232428,-3.688287925,0.351728298,-0.678143464,-2.412699869,-2.868355168,234
-3.18669482,-2.167851194,-4.200555803,1.737859376,1.167391245,2.138163001,-0.168298024,-0.376854038,-2.191833667,-2.323150533,235
-1.2639026,-1.141740826,-1.849582035,3.010190569,-2.295469661,-1.003607625,0.340110382,-0.04036574,-4.598499682,-3.551734712,238
-0.253254326,0.279182042,-0.475582573,5.383065221,0.823829828,1.04487609,-0.459216478,-0.33008822,-3.125123702,-4.942282729,239
-1.082119759,-0.66757698,-1.604691704,4.625670023,-1.443585174,-0.91949083,-0.257736823,-0.373578684,-1.848470029,-3.555697118,243
-2.7095358,-1.898196486,-3.56437227,1.047977398,0.480013826,-0.303463344,0.740515886,-0.109470842,-7.867822699,-4.955591841,244
-2.123576234,-1.81848724,-2.685784152,-1.871665849,-4.802568449,-4.575994687,1.095614215,-0.841129205,-6.579345068,-3.173983756,245
-2.680258631,-0.647553313,-2.954345144,-2.386715791,-1.360747039,-4.27582265,0.006426378,-0.749289767,-6.879859399,-5.271257939,246
-1.238184139,-2.480624035,-1.681448488,-4.295921695,-6.955683988,-7.687786624,-0.02769434,-0.507227257,-7.901542022,-5.112752743,247
-1.611500476,-1.098465694,-2.103852626,0.615335995,0.480020692,-0.85377684,1.981065739,-0.846961875,-2.676446295,-3.135093225,248
0.337024065,0.688104771,0.87180864,-3.875203833,-6.503909725,-5.476434513,0.647600161,-0.337504082,-6.665563136,-3.875909251,249
-0.523534758,1.232048875,-0.266920708,0.863552438,-1.04165569,-0.979013835,0.416604894,0.16518041,-7.911837528,-6.017232812,251
-0.308316328,-0.083429189,-0.03442974,-3.853097111,-7.541700509,-7.910541641,-0.336221966,-0.127450783,-10.17226805,-4.790408659,252
-2.671268044,-0.597666346,-3.38388134,4.516863133,4.362427601,2.377736973,-0.306562039,-0.120532341,-4.391441632,-5.251475184,255
-0.508926935,-0.748158656,-0.817408999,2.339126674,-3.164579952,-3.052569631,-1.010774151,-0.353357994,-6.824096939,-9.444977956,257
-1.526429803,0.582982443,-1.730215571,3.714289716,-0.638948671,0.866142423,-0.110300555,-0.451595728,-1.552882696,-2.545004216,259
-1.61397234,-2.072563612,-2.281966465,-0.199366211,0.559909128,-0.259112596,-0.192388473,-0.094967585,-9.372399573,-5.865558732,261
-0.224174236,1.601921126,-0.076204852,4.308629745,4.74019168,4.706437613,0.955468626,0.085024143,-4.729938884,-5.265496741,262
-1.026296993,0.273321878,-0.983642801,-0.551665235,-0.73545324,-0.479979945,-0.512171879,0.559725725,-6.863231678,-3.488823687,264
0.424402787,1.160390346,1.019423644,-2.770262675,-3.706910492,-3.944555347,0.553365804,-0.081541427,-4.643125496,-3.152070172,265
-1.442596256,0.344654274,-1.405001788,-0.680351542,-0.435269924,-1.118962291,-1.393595179,0.351865105,-9.380859374,-5.505873417,266
-0.940343655,-0.605611076,-0.810279849,-5.069545081,-7.793749079,-9.057880897,0.473005362,-0.6951663,-8.61466084,-7.258812193,267
-2.247404752,-1.859484487,-3.042940989,1.591793944,-2.139564176,-2.758168585,0.165962388,-0.415282207,-5.534425434,-4.41692795,268
-0.428786315,-0.776837094,-0.269570255,-5.065766535,-7.550543832,-8.977997317,-0.056602155,-0.83653014,-12.93114253,-13.93430824,269
-1.53701385,-1.203220234,-2.206483383,3.689291395,-1.280602733,-1.297144765,0.297578813,-0.478156337,-0.801489127,-3.481149114,272
-0.335213404,0.279993653,0.0505715,-4.163842344,-7.813999638,-8.39230196,-0.124914688,-0.414220349,-9.492508696,-4.511958257,274
-1.66428203,-0.295666421,-1.847269239,-0.358346191,-4.211448153,-3.747299609,-0.666135477,0.421035654,-8.48619553,-4.13612763,275
0.276813798,0.509000772,0.602143637,-1.179094269,-2.14900593,-4.326187636,-0.282498156,-0.34183682,-11.21696172,-12.36563185,276
-1.888532078,-1.972545625,-2.415141403,-2.687105742,-2.028843695,-5.694590826,1.886635935,-1.479733322,-6.65446763,-5.279952066,278
-1.48702518,-1.405341777,-2.20964609,3.849131157,-0.042994776,-0.713702006,0.165983949,-0.849236427,-2.213692215,-3.74312779,279
-1.90581939,-2.514186021,-2.750981442,0.174145216,1.011820234,0.595237028,-0.263972531,-0.078821418,-10.79800291,-8.92731734,280
-3.63355673,-1.999193006,-4.546958013,-0.019278691,0.022718069,0.123769997,-0.394335028,0.100162921,-5.867474186,-2.07396778,281
-0.010730937,0.428156076,0.376801161,-3.011040826,-6.225379319,-6.682747913,-0.374779332,0.18941183,-11.56736166,-14.18083005,283
-2.083829536,-1.359381927,-2.428506441,-2.834070219,-3.769866637,-4.206539664,-0.853213742,-0.548644983,-10.46587292,-7.353553928,284
-2.476016425,-1.069865134,-2.760175569,-3.567730361,-6.182237818,-6.606989985,0.274593267,-0.444833992,-4.281858297,-3.600331691,285
-0.766098364,-0.668038363,-1.237271393,4.390623691,-1.140938169,-1.215282681,0.2707752,-0.95449825,-0.802301495,-3.506381514,286
-2.796333424,-1.897393609,-3.660245331,1.08459575,1.260270869,0.797004391,0.527475886,-0.436666125,-6.579821849,-3.921692083,296
-0.599881394,-0.059138106,-0.965476332,5.466234119,-0.712509895,-0.076367071,0.094662927,-0.262486263,-1.089695104,-3.776887036,299
-2.567959468,-1.085492458,-3.133878746,0.873506163,-3.677810913,-3.573250452,-0.807317599,-0.383994159,-3.839199091,-3.690233326,300
-0.791545308,-0.716996223,-1.002100757,0.175257115,-2.830015119,-3.965155954,0.06239526,-1.28016796,-4.900227905,-3.610918015,302
-2.474185845,-0.927795137,-2.97304772,0.435077663,-3.53599502,-2.723433952,-0.372491877,-0.254181615,-3.969692633,-3.130273159,303
-0.934589205,-0.670490417,-0.696785826,-6.90617095,-9.198421999,-10.32377331,0.102919746,-0.621416422,-9.310218674,-5.132119743,305
-0.528629701,-0.290202609,-0.217169932,-5.756001678,-7.2908751,-8.843292668,0.219365497,-0.863512873,-12.04746085,-11.54872158,306
-2.538169821,-2.031734898,-3.27126991,-0.616591754,-4.609670118,-5.161663579,0.311442278,-0.475882414,-6.063878414,-5.086498637,307
-1.7992739,-0.798707344,-2.212662349,0.806745203,-3.354776411,-3.497963289,0.432960529,-0.426132849,-3.304659899,-4.601405915,309
-0.443073227,-0.008277011,-0.424907687,-0.042458932,-0.65817738,-2.876029479,-0.017785732,-0.393055858,-11.06836643,-9.581321478,310
-1.629064976,-1.597419474,-2.21803787,0.598446655,-4.102418444,-3.743672069,0.505632283,-0.456752324,-3.092260008,-2.781715609,312
-0.745372486,0.442552511,-0.914167849,4.277212278,-2.190145424,-2.097225414,-0.086469314,-0.281178188,-3.068935543,-4.232556425,314
-2.740003473,-0.65259221,-3.182712677,-0.05138392,-2.382285325,-2.110850835,0.016327402,-0.120344247,-5.743671909,-3.277482638,317
-2.3082947,-0.500015884,-2.692426711,0.806799735,-3.905109115,-4.278249114,-0.224346682,-0.479949039,-4.262006482,-3.901600576,319
-1.906524754,-0.919794297,-2.070344675,-3.58769643,-6.137937061,-7.126950987,0.019222786,-0.626986834,-6.710243022,-6.453238979,320
-0.376802081,0.391209005,-0.356052308,1.784255943,-3.566984814,-3.383402957,-0.34114154,0.258248043,-6.484940797,-4.281404197,325
-0.598385266,-0.492483742,-0.378019803,-5.349720817,-8.181714337,-8.900304023,0.346002758,-0.65710249,-9.278447783,-5.336527512,326
-1.791107925,-0.392990367,-1.958873216,-1.646340226,-2.00289292,-1.968464019,0.594684131,-0.316223431,-9.368430008,-5.481365922,328
-0.658578418,0.427176799,-0.497897286,-1.29629541,-0.149367836,-0.174222475,0.186952375,0.380928458,-13.09557994,-11.75342654,331
-0.669211599,-0.838764934,-0.993565122,0.805857155,-0.009291942,-0.666691352,2.080782827,-0.636836338,-6.023761347,-4.544493246,333
-2.383196177,-2.022500098,-3.116587668,-0.616052455,0.630885734,1.108463406,-0.143263956,0.076144316,-10.8490048,-7.787393145,334
-1.680169136,-1.448768053,-2.047590327,-2.021087029,-5.6432816,-6.220866417,-0.369673734,-0.617381047,-7.698546857,-6.585876495,335
-1.278895284,-1.833521282,-1.987653467,2.25823308,1.571840516,-0.45513792,0.178835627,-1.201400987,-7.977709171,-12.33099897,336
-0.372264379,-0.433632985,-0.062597458,-5.94888274,-8.71132721,-9.685207297,0.1960379,-0.851609543,-9.193212491,-6.479092369,338
-1.722611919,-0.725761814,-2.054377163,-0.120931307,-1.341915689,-1.235326357,-0.180248942,0.054348268,-7.579536997,-4.119905123,339
-1.477095776,-0.709525394,-1.682558583,-2.188163642,-3.174832131,0.233714985,1.139790204,0.935773542,-3.026731234,-2.013078221,341
-1.710945885,-0.867749311,-1.849287376,-3.486445918,-6.13553216,-6.826588289,0.581132617,-1.091873099,-4.101585511,-3.657801679,342
-0.551283593,1.507209726,-0.093853793,-0.980949065,-0.055478939,-2.360139303,-0.037293844,-0.382904047,-11.02594013,-9.037894036,343
-1.428440637,-0.346173325,-1.915126492,4.248466857,0.925863989,3.46741331,0.350451697,-0.342601841,-1.810229078,-3.370547966,344
-1.251149074,0.06638658,-1.367700562,0.348067954,-0.641944845,-0.225217376,0.73455343,0.162681693,-8.007014171,-5.614551111,345
-1.962085543,-2.218362659,-2.803147935,0.86389998,1.191628938,0.973616432,1.29821629,-0.518299277,-2.383023679,-2.958557324,346
-0.934968625,-0.61705408,-1.100538063,-1.108999094,0.312386224,-0.61612078,0.634893193,0.527371336,-5.839019992,-2.830528697,347
-1.092846218,-2.713898523,-1.894111749,0.282240486,-0.218717118,-0.120050364,-0.056862036,-0.220851989,-8.362055699,-5.517937799,348
-0.815817289,-0.358545934,-1.268373918,5.357460926,-1.117290558,-0.847554898,-0.279770861,-0.45599771,-1.841204421,-4.233407373,349
-1.580502815,-0.47189025,-1.909238875,1.402267926,1.385941288,0.967177415,-1.158402453,-0.284917,-10.68760557,-8.398084601,350
0.550488041,-0.12107424,0.806775727,-2.574475026,-5.122580242,-4.689254245,1.577621661,-0.937993085,-5.331901574,-5.51480605,351
-1.453614052,-1.317843928,-1.797532055,-1.79545479,-2.820030181,-4.657969162,0.204643274,0.092485406,-8.186602239,-5.47505377,353
-0.360325033,-0.343698494,-0.393592563,-0.639211518,-0.762422338,-1.903595384,0.368564221,-0.298648468,-8.953006999,-6.423524463,354
-0.59076043,-1.097638245,-0.474286017,-6.102197913,-8.714770004,-9.929814446,0.178779346,-0.625733326,-10.64387508,-8.013040357,355
-1.426426819,0.529442831,-1.207556765,-2.66394746,-1.651020749,-1.947792595,-1.090633712,-0.663086741,-8.609386957,-4.219406661,362
-1.082593748,-1.092559508,-0.968805168,-6.989123334,-9.556948554,-10.49593966,0.137571992,-0.612559293,-9.249630155,-4.720467567,363
-1.32969005,-1.103602294,-1.257468692,-6.866955207,-9.00855543,-10.06181282,-0.017635035,-0.51749543,-9.951474212,-5.01372946,364
-0.766532972,0.433474513,-0.596210727,-0.565010751,-5.554634769,-5.419423779,-1.807319254,-0.26703298,-7.076690807,-4.683079109,366
-0.544701002,-0.284275887,-0.356424097,-4.016905197,-4.906517755,-5.464311447,0.317728269,-0.715349987,-10.02752209,-9.995643304,367
-0.529313482,-0.128216963,-0.670715416,1.659125196,-3.524604902,-3.328825253,0.815922825,-0.242674033,-4.172729178,-5.630381348,368
-1.396647029,0.426987356,-1.215607549,-2.79114551,-3.574109795,-2.575219966,-0.121695456,-0.056728614,-9.635553318,-5.277948153,372
-0.751001434,0.219396783,-1.080268237,5.66669526,-0.450511073,1.302150067,0.138655374,-0.367090071,-0.90970267,-3.02573316,373
-1.09921802,-1.612816109,-1.763461854,2.77763393,-2.029963356,-1.631634664,0.369269564,-0.559393924,-2.184481342,-4.794508954,374
-1.198927236,-0.93697115,-1.389781539,-1.661043846,-6.099359926,-6.59898605,-0.791957436,-0.326715475,-10.9503407,-8.163564406,375
-1.820125852,-1.930019354,-2.173363833,-4.718307965,-7.081964815,-8.181725822,0.567169031,-0.716110889,-7.158476633,-5.006632644,376
-1.172776077,-1.00438875,-1.47941209,-0.210404846,-5.324086534,-4.740217659,-0.89053078,0.562048597,-5.220284196,-3.526560079,377
-0.871500875,-0.656288871,-0.895605575,-2.393943819,-6.416508953,-6.741121715,-1.012445884,-0.373588237,-7.144480907,-4.101971908,379
-0.737764237,-0.070897177,-0.773056359,-0.048038274,-3.427242766,-1.646754163,-0.154197022,-0.396409583,-8.046478721,-4.947534151,382
-0.746723788,-0.794787872,-0.953818385,-0.351905117,-4.329541663,-4.68924437,0.445280476,-0.346229188,-9.828493739,-11.68608259,383
-1.409108615,-1.127692105,-1.947982782,1.918483564,0.87317159,3.293409616,-0.350718869,0.685272799,-0.268570216,-2.225808617,384
0.051471821,-0.513596686,0.326109995,-5.121349063,-6.814937888,-6.523768934,-0.009584093,-0.044680276,-10.5060109,-8.122328269,385
-1.997168134,-2.320350702,-2.548797041,-3.513067264,-6.877191492,-7.309075344,0.522570798,-1.037134791,-6.601546528,-4.152324514,386
-2.165802744,-1.475724386,-2.401550583,-5.009117662,-7.91202068,-8.722826055,-0.583541212,-0.755658758,-6.660960721,-3.109705012,387
-2.307771147,-3.184358753,-3.309197825,-0.772736524,-5.08313195,-5.060715194,0.399882103,-0.140772362,-5.550942071,-3.776185045,389
-3.011602655,-3.388461474,-4.190852,-0.500439516,-0.655496293,-0.20606512,0.213211004,0.099970901,-8.439235782,-3.634399073,390
0.592825583,0.647856564,0.964715748,-0.76846102,-5.580344538,-5.461871297,0.726966629,-1.174265152,-4.157346227,-4.404464626,391
-1.230743905,-1.969320401,-1.721547925,-1.43834821,-5.236410743,-5.817718715,-0.080974305,-0.57689986,-7.638703541,-6.446518549,395
-4.584520749,-4.012820805,-6.151224638,-0.26948066,-0.181929083,-0.359547479,0.996570981,0.053908154,-3.954493878,-2.154704847,397
-1.105142176,0.194041497,-1.252283017,2.006805565,1.838406743,-0.48748612,-0.11295547,-0.052572624,-8.595557705,-13.64758132,398
-0.126494269,-0.676425593,-0.104533282,-2.04451018,-4.300931163,-5.780340466,-0.247432711,-0.324351928,-11.53125424,-9.289885331,399
-1.031418395,-0.213399333,-1.413090128,4.338078027,-1.374151544,-1.073546262,-0.204364281,-0.161365569,-1.619009747,-4.166982438,403
-1.554201301,-1.762896932,-1.955204264,-2.952652696,-5.786112954,-5.900853287,0.854123653,-0.439722133,-2.656933946,-2.427984707,406
-1.124501919,-0.705209618,-1.015919232,-5.324557196,-7.404573567,-8.805165327,-0.258167527,-0.669693506,-10.82057124,-8.852215727,410
0.760738797,-0.836801223,0.552253719,2.320648859,-3.747812901,-2.978551937,1.063355656,-0.466680866,-2.737884767,-5.183565303,411
-0.785725244,-0.163367784,-0.730754171,-1.598905687,-5.694583065,-6.355696966,-0.599725593,-0.314740099,-10.86380866,-8.587559829,412
-2.593053612,-1.05589563,-3.276533688,2.58278185,2.25194101,-0.019904378,-0.540340611,-0.696097259,-6.686324928,-7.716301757,413
-2.137867151,-0.472014203,-2.515842092,0.677612403,1.702376716,0.978237097,0.265559759,-0.331416151,-3.868714116,-3.230804699,414
-0.645640385,-0.162219178,-1.140722727,6.735659985,1.6463631,4.230007348,0.022177876,0.04886246,-1.489166851,-3.475781927,417
-0.866951297,-0.638789674,-0.934604602,-1.789442624,-3.188873996,-4.780865661,-0.713162946,-0.592277691,-7.537761728,-4.620200985,418
-0.730999087,-0.30524143,-0.526299509,-4.785039741,-4.496220176,-6.889779863,0.498065758,-0.581538739,-10.6386531,-5.109306285,419
-0.600741689,0.786042912,-0.251840199,-1.950788717,-2.448462607,-4.628700152,-1.177195462,-0.040283971,-12.5794244,-9.242097146,421
-1.299159848,-1.00033263,-1.714477123,0.771100343,-4.240039263,-4.327719347,1.285921316,-0.51596685,-4.776797103,-3.658625191,427
0.240224221,-0.593815477,0.122779404,0.706884335,1.671329718,0.774341572,0.206688205,-0.014741223,-12.05325459,-12.24809562,428
-1.809262307,0.650867383,-1.907687205,1.695670209,-0.383414548,0.871861746,0.035060724,-0.765652612,-5.218508159,-2.873382764,429
-0.806700927,-0.535190428,-0.95647035,-0.145610086,-1.012863291,-3.193384763,-0.438551498,-0.390533597,-10.74413624,-8.344313684,430
-0.525139455,-0.688164172,-0.927373645,3.702175557,-1.803023642,-1.627646126,0.127612999,-0.69151181,-3.72749027,-6.710656015,431
-0.136261352,-1.102095489,-0.077307279,-4.476767417,-4.727064503,-4.8949091,-0.215777261,-0.492703378,-9.471860146,-4.852463121,436
-0.456885329,-0.366884505,-0.743411554,3.493517333,-1.906107304,-1.916586512,-0.356183947,-0.728885195,-5.898457487,-9.757915098,439
-1.066295467,-0.186955956,-1.245599141,0.932014734,-1.477195604,-1.819961753,0.154701167,0.341010937,-5.50602826,-4.375325174,444
0.274730238,-0.058268398,0.345381223,0.412698512,0.30544548,-0.957788458,-0.254410784,-0.918666346,-6.262948431,-3.169900734,446
-1.143422406,-2.332178501,-1.879444557,0.886643732,0.307691743,-0.798063059,-0.511199648,-0.116784529,-7.951757858,-4.021477284,449
-1.463550816,-1.176139776,-1.946639214,0.853090603,-1.013621508,0.683038601,-0.430115101,0.51899016,-7.990803958,-6.554981364,450
-2.925701055,-1.704422918,-3.629197836,-0.516420112,0.053454605,-0.333487273,-0.645643589,-0.408127347,-6.622492484,-3.527782861,451
-2.575676073,-1.65953799,-3.315372972,0.514139632,0.165459845,1.558075088,0.345076482,-0.129193967,-4.037867218,-2.276274654,453
-2.563312407,-0.625039307,-2.811480797,-2.387704722,-2.961626058,-4.501106066,-0.052383247,-1.003423914,-3.908149655,-3.340700581,459
-0.108390773,1.41686473,0.413613234,-1.312339004,-4.782563385,-3.829964208,0.049515313,-0.845868795,-3.895346406,-2.762401029,460
-2.120227732,-0.454907817,-2.655206047,3.874564215,0.714812424,-0.74546479,-1.222093671,-0.260614315,-3.516078325,-4.523566901,463
-2.718928792,-2.085812877,-3.509940579,-0.112657765,-3.743633582,-3.187371246,-0.642395475,-0.363886834,-4.829935405,-3.188420021,464
0.454189065,0.695279789,0.571106402,3.017838319,1.700564669,-0.512174788,0.137829581,-0.473898249,-5.212734385,-5.973645925,466
-0.545479437,-0.112902538,-0.65889324,1.192119677,-1.003796747,-1.547871265,0.44913882,-0.162098781,-6.464374448,-4.36577023,468
-0.565380526,-0.928229384,-0.966951396,2.565345204,-2.784470967,-2.957579601,0.578658282,-0.921436231,-3.617856256,-4.605048625,472
-1.605067723,-0.563052343,-2.02805582,2.757773249,-2.382135183,-1.87703556,-1.109130565,-0.567715346,-3.007197402,-5.304498846,473
-1.834395609,-0.60122051,-1.837970235,-4.755715309,-7.033717591,-7.880144632,0.3478286,-0.564492835,-5.777836503,-3.415145185,474
-0.258647019,0.572665733,-0.115218385,0.53321982,-0.454758527,0.953972624,0.071649188,-0.373528833,-6.142392514,-3.711195454,475
-0.759500813,-1.389696036,-0.983380998,-2.159262688,-4.678113296,-5.899578819,-0.87209384,-0.425040883,-12.49368588,-9.951716591,476
-0.428978991,0.038573688,-0.443945263,0.561056488,-4.22710678,-4.160017064,0.761274264,-0.319129772,-7.06890905,-4.658606625,477
-0.186281207,-0.451199943,-0.318377057,0.279107221,-1.761383944,-1.22047334,2.295550729,-0.411741246,-4.031978725,-4.469122141,481
-1.417602698,-1.26508318,-1.637324527,-3.393918334,-6.700072188,-6.832870657,0.374002503,-0.095074608,-7.598798572,-3.706416731,491
-0.149248457,0.97312301,0.04057958,1.978934964,-2.085940165,-1.501725236,-0.323684064,-0.255363522,-6.350437568,-9.304312834,492
-2.063165883,-0.943684351,-2.481655766,0.142040845,-4.947970723,-5.179962595,-0.536368615,-0.681585418,-6.715834179,-4.041670925,494
-1.081817598,-0.97161403,-1.318935891,-1.080244301,-5.383589657,-5.588555012,-0.011378603,-0.605999979,-8.295298657,-4.214011854,497
-2.772088567,-1.303869721,-3.51543322,1.921746354,-0.000345123,0.267962185,-0.158840298,-0.081390825,-3.112191012,-3.53560734,499
-3.410320063,-2.47014833,-4.231349765,-2.575301818,-2.129647103,-4.588399734,-0.512782752,-0.587870869,-5.696971283,-3.795582296,501
-0.346124445,0.395051895,-0.046144878,-2.328857279,-5.546506188,-6.971374842,-0.344687961,-0.388628996,-11.2636953,-10.94124563,506
0.913039277,0.628794187,1.240908127,0.163604324,-1.226110017,-2.885113406,0.60094728,-0.010002693,-8.654297722,-7.58923259,514
-1.749626257,-0.276075391,-2.290340805,4.979337734,4.441786105,2.019186903,0.105474541,-0.885712285,-3.468236913,-3.623486698,518
-0.968370695,0.077413472,-1.237935032,3.739230525,-0.034303512,-0.886811712,0.564522813,-0.853194885,-1.45296506,-3.971177161,519
-0.487486957,-0.114356255,-0.768501419,4.352801846,-2.34406623,-1.453309006,-0.387336848,-0.513408849,-2.550971678,-3.376603589,521
-0.786964862,-0.622139817,-0.987336487,0.44705947,-4.305166167,-4.375420837,-0.600655906,-0.19760593,-8.657192258,-5.5992833,522
-2.919305203,-3.180843953,-4.003254069,-0.63899378,-3.909380724,-3.144410212,0.101418137,-0.468502036,-4.411430784,-2.316275015,523
-3.218896387,-3.336653791,-4.448146765,0.726575634,-0.073149199,-0.940871846,-1.142838272,-0.671617089,-6.411915699,-5.13402159,524
-2.113789162,-1.150882496,-2.325470365,-4.040481659,-6.738878149,-7.885924953,-0.415721321,-0.622696382,-7.734711371,-6.164400441,525
-2.52262464,-1.238013711,-2.819408169,-4.105222358,-6.44498815,-7.194925912,0.076602407,-0.280512443,-4.498605715,-2.634262452,526
-0.857904945,-0.577836794,-0.697236503,-5.139532431,-7.609081175,-9.01212799,0.047123338,-0.83400591,-11.28295763,-10.92616052,527
-2.183629608,-0.7629252,-2.55538145,0.058678447,-3.856920035,-4.224897927,-0.871141128,-1.080783047,-3.523526897,-3.823872906,529
-2.097815271,-2.355013872,-2.781386715,-1.857297495,-2.987437342,-4.464921512,0.219522908,-0.732368471,-7.330444429,-7.01467158,530
-1.021164439,0.263028298,-0.866619087,-2.1540485,-5.543670054,-6.244218896,0.450129137,-0.547422908,-7.386042976,-5.493444066,531
-1.08836437,-1.035159093,-1.264168489,-2.586066627,-5.876078131,-5.593454428,0.741813939,-0.168278653,-2.262520505,-2.606725088,536
-2.119216864,-1.73433935,-2.611930987,-1.990190653,-0.974143219,-3.126674931,-1.188598246,-0.947253653,-7.411569838,-3.924039091,537
-2.039804607,-1.797979986,-2.509133988,-2.949140878,-1.866480628,-4.500525421,0.466120369,-0.597227525,-7.899636042,-6.523342678,538
-1.610035065,-1.649870007,-1.993577863,-2.570649841,-6.251442701,-6.862157573,-0.234258561,-0.105965096,-8.578951046,-5.477792265,539
-0.703146853,-0.091270258,-0.835063958,1.041866729,-1.701968967,-0.13817385,1.402195655,-0.822882236,-2.684965948,-3.98904062,546
-1.620087229,-1.025935567,-2.273714757,4.341797553,-1.403466642,-1.110576901,-0.996785416,-0.112176016,-1.954789012,-4.059097043,547
-2.698838106,-2.414217253,-3.562718876,-0.597697129,-3.103235417,-1.363773482,-0.311275976,0.304231523,-5.112006931,-3.289810265,548
-1.415728053,-0.240795025,-1.82365788,4.038854926,-1.834904325,-1.247146578,-0.563004943,-0.48759532,-1.141767609,-2.941505854,550
-0.761898783,-0.999017252,-0.96687456,-1.292406524,-1.219265958,-3.654135195,0.556353538,-0.841616118,-8.717304686,-9.658919472,551
-1.506222039,-1.912947561,-2.100209877,-0.527306879,-0.223797252,2.009899269,0.658632038,-2.252785713,-5.97620388,-2.819389816,553
-1.059357435,-0.882300387,-0.91627625,-6.572914371,-8.989520776,-9.881988745,0.071870696,-0.453850705,-9.689571635,-5.134412138,554
-2.949056414,-2.706139092,-3.927741477,-0.491435138,-1.628380129,-2.37594542,0.261935361,-0.408812716,-6.960639196,-7.257000588,557
-1.013756845,-0.634863083,-0.983309677,-3.826237884,-7.004986957,-7.652064107,0.439940012,-0.582373705,-6.990103762,-4.774373872,559
-3.588510218,-3.158457787,-4.979564142,2.704407398,1.645343176,1.144317307,0.351242263,-0.228578449,-0.957016337,-2.223783556,560
-0.10475127,0.895071945,0.258103984,-1.208293258,-3.957595282,-2.662784193,0.392730757,-0.375732355,-6.925724801,-5.027827894,561
-2.401972169,-2.143448516,-3.150949039,-0.575908899,-1.355741512,-2.210346894,-0.222820845,-0.603727388,-7.374537105,-3.579431155,562
-1.397776464,-1.238700728,-1.63525518,-2.825663131,-5.200614647,-4.784097717,-0.061304598,-0.693954842,-7.225701779,-4.971055243,564
-2.493178223,-2.452004079,-3.401139994,0.530930016,-4.051643358,-4.189431774,0.153826995,-0.536874772,-5.11781628,-4.886906499,567
-1.061179971,-1.551061255,-1.14976324,-5.733936512,-8.296871329,-8.903279626,0.33908076,-0.776321694,-7.116150471,-3.615879696,568
-1.90529201,1.224096965,-1.75431476,-0.131615697,-2.360622483,-1.801594066,0.118515762,0.449065281,-2.38302026,-2.13048013,569
-1.402253257,-0.916889578,-1.750920647,0.141058075,-1.843058241,-3.410897319,0.073069329,-0.437675158,-9.083605457,-10.89358834,570
-0.340244049,0.02333759,-0.296591741,0.092025126,0.326356493,-0.587072188,-1.088740993,-0.367551314,-8.297669858,-4.757975615,577
-0.305843405,0.682643977,-0.112570185,0.068742602,-0.397751002,0.231468015,0.245941611,-0.267259436,-6.602204503,-4.135322835,580
-1.273218799,-0.309480405,-1.63683574,2.696133146,4.38486679,1.481167083,0.690588773,-0.210953372,-4.384688322,-4.870320487,584
-0.279579432,2.539987256,0.404086762,0.186066832,-0.293937057,-0.594677311,-0.066184388,-0.252403829,-6.214324048,-3.636940221,586
-0.159910225,-0.193945078,-0.16670432,-0.10018885,-0.694017568,-1.052852976,0.385829199,-0.296841114,-11.7180967,-10.41339267,590
-2.537125737,-2.493158198,-3.527016613,1.308091747,3.951469536,2.35743857,-0.131159138,-0.892516735,-7.795786351,-4.873389645,599
-0.739001066,0.01570684,-0.923476554,2.494154915,2.573850939,-0.046432435,0.330485254,-0.36439159,-6.754222206,-10.00421478,600
-0.396935911,0.251828534,-0.130551982,-2.350336508,-6.172461303,-6.854115557,-0.761529323,-0.512740974,-11.08510714,-9.922195085,601
-1.187631357,-0.803790094,-1.396847131,-0.997364129,-3.441018582,-4.547658494,-0.570642283,-0.037010712,-7.467062658,-4.97715523,602
-1.50489443,-1.094440178,-1.598085582,-4.444687673,-6.717497201,-8.057065947,-0.75575974,-0.238198385,-11.60318394,-11.19155919,604
0.055165131,-0.345486423,-0.150540976,2.245113668,1.171000985,2.692836933,1.625574399,0.295639435,-4.128484744,-3.420980416,606
-1.685122555,-2.750811387,-2.707156644,2.8300019,1.776253154,-0.222682727,-1.003089877,-0.327839788,-7.353582563,-10.17386487,607
-0.016011441,-0.621719968,-0.213138313,1.633586614,-2.310623677,-1.148409914,0.040427627,-0.277154442,-6.808417229,-10.24631831,608
-2.026153322,-1.754563479,-2.485974092,-2.970670356,-5.942006237,-6.561270603,1.084341003,-0.548596422,-6.980625112,-4.601084779,610
-2.311306127,-0.908554479,-2.991513378,3.193629055,2.212640923,3.987687824,0.574990222,-0.955695612,-2.884538173,-3.025076396,611
-1.192373865,-1.255483535,-1.843371646,3.452235516,-0.59965192,0.850913002,1.118337438,-0.202782162,1.135664985,-2.060437882,612
-0.588827702,0.172576226,-0.528746535,-0.880457434,2.301883147,-0.32967466,1.595371612,-0.421339945,-7.546378675,-5.339715535,613
-1.175325369,-1.480386201,-1.640416157,-0.150347483,-3.573816044,-2.839776881,0.722831955,-0.478512892,-9.567407894,-6.705008873,614
-1.707575549,-2.222789049,-2.445362482,0.032864717,-0.415962336,-1.537613375,0.820211815,-0.847141762,-6.428570905,-7.949571198,615
-1.282230488,-1.60444329,-1.439778525,-5.392815739,-8.138319978,-8.723412873,0.422460271,-0.400997479,-6.8586502,-3.498326439,617
-0.512134145,-1.217047687,-0.911349428,1.372833193,-3.347739882,-3.051181543,0.678065461,-0.679398101,-1.816726569,-3.841140425,618
-0.894682642,0.317607311,-0.669395064,-2.581539743,-6.167512359,-6.966328151,-0.258973686,-0.41190345,-10.5250359,-9.210709711,620
0.981158527,0.534028852,1.504420524,-3.055447422,-5.082874445,-5.399248136,0.87056469,-0.783075207,-9.898381547,-7.803382781,621
-0.340411931,-0.042788692,-0.382418399,0.746038308,0.409326645,-0.077355648,-0.874839169,1.817610226,-9.529171306,-6.423936853,622
-2.118837865,-1.40401524,-2.93807153,4.216664096,0.884855119,-0.333363033,-0.334111758,-0.600009145,-3.725791586,-5.17537524,629
-1.257073134,-0.935593582,-1.141531331,-6.654583881,-8.880830061,-10.09437436,-0.155145944,-0.56660385,-9.890395885,-5.28568821,630
0.230308817,0.636340335,0.614413533,-2.116223377,-1.13489341,-1.290484451,0.143824667,0.290033534,-12.07991388,-9.33574163,631
-0.598431104,-1.241581957,-1.022705035,1.334146423,0.540865747,1.037996429,-0.084775665,-0.179845865,-11.08623547,-9.785737265,633
-0.452366889,-0.217792692,-0.246604385,-3.658501971,-7.508025385,-7.847964707,-0.222565496,-0.107936534,-10.29822823,-4.832854643,634
-0.266293691,-0.356055793,-0.349613911,0.361446994,-0.433651856,-0.914594783,-0.014462147,-0.407302036,-12.50526937,-11.81900791,635
-4.249285546,-3.983804898,-5.790461245,0.471167214,-0.316941172,0.151726351,0.066475303,-0.470624673,-4.578038759,-3.025122794,636
-0.318132958,1.704170014,0.201360804,-0.739974334,-0.512558726,-0.973276637,-0.148457147,-0.241424164,-10.13058021,-7.418355581,638
1.30701505,1.883078349,1.629886276,6.306274202,0.989019352,4.746811273,-0.695086748,0.12776879,-6.621655638,-12.54042889,639
-0.211386111,-1.301490771,-0.731119808,3.32499751,-0.44502116,1.442539088,0.702739606,-0.825954343,-0.388051047,-3.004258178,641
-0.29260341,0.563104002,-0.074983853,-1.41224607,0.097458661,0.203337931,2.232820218,-0.224249973,-4.982239025,-3.539641619,646
-0.41470332,0.569299914,-0.458696646,2.915463654,2.593443322,3.699658999,0.197660003,0.387243242,-8.044171611,-11.03844977,650
-0.112488327,-0.305837562,0.072783721,-2.805468658,-6.758338255,-7.287731943,-0.590237171,-0.709222775,-9.482478216,-7.12997525,652
-2.488482301,-1.317255486,-2.923056947,-2.460284554,-2.176364162,-3.291677002,0.316382408,-0.45862042,-8.589280865,-4.918596789,654
-2.393189136,-1.291146874,-2.740847673,-3.238207825,-4.783299695,-6.174367784,-0.30820827,-0.262326887,-9.504837231,-4.41384209,655
-0.534070057,-0.111780358,-0.455948309,-1.580157339,-5.319100759,-5.719862178,0.46835933,-0.447519008,-9.72960102,-8.61843816,656
0.492456658,0.337100046,0.662303083,0.386849427,1.490472224,2.297398,0.519777714,-0.237114812,-5.863481861,-3.153001708,662
-2.225928236,-1.05024894,-2.496856389,-3.340601758,-4.823988992,-6.137104592,0.668413308,-0.591059589,-6.965225074,-4.450961652,663
-0.263803036,-1.234267766,-0.545115633,-0.395961263,-0.095738798,0.260181624,0.660862984,-0.391902407,-7.291089232,-4.396128051,664
-0.864734597,-0.783281681,-0.771849787,-5.070136782,-8.087682492,-8.680076756,0.242270457,-0.48462475,-8.800574893,-4.574795253,665
-1.695312375,-0.75435349,-2.115556391,0.991134507,1.052990485,-0.098060413,0.660491786,-0.23965076,-5.885406173,-6.662921347,670
-0.105225725,-0.115158299,-0.073912488,0.060411981,-4.56196393,-4.663093734,0.183783771,-0.502031621,-7.609891366,-4.928142483,675
-1.816519545,-2.554991036,-2.690550177,0.179689722,1.674449443,0.58733351,1.408594003,-0.295746617,-5.525561128,-3.007459096,676
-0.937790174,-1.473917187,-1.599490556,3.834652795,-1.480827146,-1.345985926,-0.218625166,-0.724140433,-3.096868036,-5.508719496,679
-2.211891582,-2.091447048,-2.697942059,-3.689125407,-6.817697785,-7.843669951,-0.631150901,-0.749692886,-6.319347981,-4.370211513,680
-0.012158969,-0.544181292,0.092619491,-2.519203488,-7.011322436,-7.147995495,-0.452457063,0.179546192,-9.237412006,-4.837130446,683
-0.909018991,-0.657796533,-1.078337661,-0.611840567,-4.616892427,-5.556822078,0.61122447,-0.998583845,-8.770728526,-8.617286441,684
-2.336194381,-1.340755322,-2.860001088,-0.74065747,-1.569979406,-4.682190614,0.523748161,-0.842264948,-11.24567871,-11.70924867,686
-0.560927128,-0.735687083,-0.935990163,2.890875797,2.460607232,1.548605103,-0.282625668,-0.623395733,-8.074992124,-11.26029106,688
-1.131810207,-0.297942538,-1.369648646,1.55731044,-2.983664213,-3.422892946,-0.210881788,-0.110676287,-8.063194105,-9.782923283,689
-1.858631182,-2.44637169,-2.550027698,-1.560563588,-4.038849081,-5.049273753,-0.184571153,-0.308020183,-7.630574866,-4.401791413,690
-2.237024693,0.51512665,-2.453073821,1.944317651,-0.861477539,0.715470904,0.524091636,-0.235585292,-3.857794548,-2.76930231,691
-2.249172698,-2.011394207,-2.963951569,-0.369782985,-0.59697044,-2.747341716,0.313596756,-0.583187431,-5.382514728,-4.311666511,692
-1.290025055,-1.640384734,-1.528311742,-4.229380511,-6.160326973,-7.456106675,-0.015894149,-0.234948673,-11.27674755,-12.72849634,696
-0.775249256,-0.355306702,-0.519475488,-5.603275674,-7.66459394,-9.162857393,0.126721027,-0.692910071,-10.06595269,-8.472119815,697
0.086757295,0.310386918,0.176056238,0.918661945,0.689060244,1.698436636,-0.15670067,0.314731632,-9.286959453,-10.25213512,700
-0.47314099,0.453795673,-0.38964267,0.047098575,-0.610079192,-1.265065863,2.164604934,-0.415507401,-4.859451994,-2.859886103,701
-0.148307799,-0.594650548,0.110740876,-5.522809574,-7.693573871,-9.10994547,0.529506006,-0.692437169,-11.78422268,-13.26563024,702
-1.744958483,0.386794255,-1.729150953,-1.097221387,-4.103273419,-2.652504578,0.149557375,0.078404577,-7.452041708,-3.658374959,704
0.423020428,0.653009833,0.685731652,-0.343314457,-0.212188765,-0.186233832,2.577067601,-0.572488957,-5.068062939,-3.647165442,705
-2.128774506,-0.391650792,-2.779029181,5.431768853,2.992579135,2.980795939,-0.262231296,-0.17887007,-4.799921757,-4.685175363,706
-2.066913665,-0.6671701,-2.391414344,-0.239109219,-4.129790344,-5.01415562,-0.385907077,-0.704280353,-5.793973728,-6.332504037,708
-2.73793029,-3.075482798,-3.763428828,-0.459874129,-4.615794508,-4.709598138,-0.709449873,-0.226219858,-5.608070364,-3.724621225,709
-2.293142901,-0.457749707,-2.477047888,-2.117627805,-1.4554712,-3.74207137,-0.384792831,-0.983075272,-4.275455015,-3.363153378,711
-0.829343502,-0.758754864,-0.706203564,-5.217257415,-7.288475142,-8.589027342,-0.160780886,-0.713693652,-10.9511007,-10.22741902,712
-0.560859275,0.298119328,-0.593654355,1.454285158,-2.347993459,-1.171121205,0.783585501,-0.045365329,-7.199788031,-5.610471187,713
-1.452097289,-0.535925169,-1.745690003,0.527082632,-0.394885185,-0.987760439,0.466455659,-0.470273501,-3.652413201,-4.053301474,717
-2.396666758,-1.341978734,-2.826474985,-2.76717219,-1.159960331,-2.463261092,1.344294953,-0.517421296,-3.316945213,-2.985063091,722
-1.645618007,-1.687457262,-2.223195556,-0.141229237,-1.681186409,-3.193222731,0.603193606,-0.04679054,-6.109592807,-5.316108784,724
-0.853729444,0.334589433,-0.682862934,-2.094521792,-3.567143375,-1.99843173,0.850625761,-0.976333935,-7.230443984,-3.456302413,727
1.178450602,1.582044397,1.651577545,2.525658833,-1.002658076,-1.019788534,0.157207313,-0.595951203,-8.049576193,-11.60941791,729
-1.904704252,-0.84440131,-2.251362193,-0.461968914,-4.716201807,-5.106763087,0.124297979,-0.730349072,-5.810398687,-4.370895338,730
-1.579388003,-2.115073125,-2.355040778,1.220245598,2.04522644,1.176133785,0.206499558,-0.089121239,-9.456999875,-7.645962993,733
-0.802929209,-0.305159526,-0.850343758,-0.548254274,-4.137492689,-3.384533491,-1.068881888,-0.528347641,-7.564808454,-5.840178733,735
-0.07651585,0.077191712,0.09081986,-1.451854113,-5.214401102,-5.446180771,0.634748137,0.034322529,-9.368195636,-6.248585993,738
0.336670619,-0.608404412,0.294131184,-0.335502784,-3.908611664,-3.276692454,1.239864145,-0.302157895,-5.096103548,-5.618205438,739
-0.685482518,0.585308909,-0.545428736,0.372377351,-4.0422918,-3.802314421,-0.681831443,-0.675641254,-3.028673782,-2.815738815,740
-1.183430881,-0.350786609,-1.529817692,2.882967687,-2.952797969,-2.321796272,0.186975063,-0.564343092,-2.090696473,-2.693482341,742
-1.380724822,-1.278085059,-1.364002664,-6.833486924,-9.066396527,-9.950016775,0.071974521,-0.568669996,-9.502196787,-4.719298444,743
-2.556485072,-2.105715879,-3.100715604,-3.340762658,-8.374218816,-7.423647318,-1.634758608,-0.0988512,-6.707316076,-2.906841758,746
-3.213578839,-0.307018193,-3.609317616,-0.340189555,-0.233620352,-1.853007839,0.06215339,-0.301270809,-7.689711648,-3.724585305,752
-0.916448094,-0.217495067,-1.020092077,0.418532524,-5.315797334,-5.582169507,-0.594452442,-0.274964974,-10.04948904,-9.301605701,755
-0.707677733,-1.222845226,-1.061670518,0.231567695,-1.110311378,-0.640120051,-0.099598082,-0.436602039,-9.751455959,-10.47416473,758
-0.698919585,-0.116948749,-1.076909073,4.736385905,1.374899698,2.865142421,0.925069294,0.051176952,-1.071736641,-3.083604013,759
-2.320801583,-2.240755649,-3.18567235,0.875696521,0.920581861,0.952757326,-0.484075479,-0.188628672,-7.366958153,-3.969995976,761
0.131671292,-0.154461703,0.103969463,0.74986794,-0.960399354,-0.415574145,1.071444875,-0.172018007,-7.764473936,-6.209707222,762
-2.238695602,0.436744729,-2.344462862,0.064389151,-0.702986385,-1.502042878,0.301165071,-0.524408711,-9.653891061,-10.54502528,766
-0.490659232,-0.135035106,-0.340178791,-2.503219457,-5.919291377,-6.634098077,-0.188581215,-0.330254614,-9.332336404,-9.299854064,772
-1.256527928,-1.343380552,-1.428261908,-3.753255446,-1.412356711,-4.994160082,-1.189626342,-0.614543786,-11.70106789,-5.644851748,773
-1.555704797,-0.070321621,-1.931612511,3.59786448,0.088129851,-0.544744285,0.266816443,-0.076121981,-0.633773158,-3.442893572,784
-2.482440244,-1.761885069,-2.896363603,-4.17148672,-6.877446008,-7.488791944,-0.414364525,-0.399938172,-6.796075173,-3.29192597,786
-1.884660355,-1.495546865,-2.29624482,-2.023995388,-5.873812417,-6.505287019,0.032758391,-0.689408523,-7.54668635,-5.355318254,787
-0.151473624,0.369595304,-0.062163017,0.200856511,0.643064383,0.023172409,2.215122433,-0.63049312,-4.07896398,-2.897397448,788
-0.270750152,-0.389502942,-0.348218489,-0.086514917,-2.049472258,-0.829343156,0.561562811,-0.037875082,-5.494396165,-2.927664396,792
0.071985879,0.462193839,0.225218136,0.174797675,0.797601908,-0.132010454,1.446567818,-0.057875222,-3.637835767,-2.684461882,796
0.236686921,0.377130507,0.42326316,-0.053005397,0.636327513,-0.437271755,0.413852012,-0.150967743,-5.702694489,-3.040794884,797
-0.865970146,-1.052587937,-1.063299469,-1.800330121,0.034308266,-2.10380219,0.076178801,-0.936017165,-10.09001637,-8.691998361,800
-0.187153056,0.75552378,-0.059584565,1.682127295,2.103102669,1.243005304,-0.14050295,-0.04078176,-10.12685713,-10.32480005,801
-0.780458121,-0.727750519,-0.95471111,-0.921585657,1.004852533,-0.009299984,0.00056459,0.1332297,-12.18876531,-10.79992485,803
1.018365941,0.029550708,1.200752052,-0.301279685,0.689704545,1.683723744,1.177106049,0.341464366,-6.975658723,-4.619953499,804
-0.976289318,-1.292034168,-1.297270599,-1.25998613,-4.513741908,-5.287079586,1.710569422,-1.208996199,-3.210891641,-3.779816067,805
-1.573451813,-1.20049806,-1.957935209,-0.971299507,-5.284994326,-5.477027231,0.778149388,-0.163177692,-6.604713718,-3.850557197,808
-0.992548489,0.286867766,-1.256350035,4.448185312,2.985499851,1.689526581,-0.305271011,-0.173655322,-5.424801064,-5.14790749,809
-1.134228158,-0.712962316,-1.010448533,-5.827795509,-8.057174219,-9.158777919,0.398264793,-0.493244897,-9.150930438,-6.220347214,810
-0.990900965,-0.722685314,-0.800536635,-6.550926709,-8.959625454,-10.01600015,0.201657389,-0.481119023,-9.279002647,-4.763330155,813
-0.069851658,0.387322373,0.073146617,0.105230959,0.382623676,0.47784404,-0.031818747,0.034890035,-12.04094844,-11.25052567,816
-2.349161622,-0.932298357,-2.828597865,0.264238265,-1.615687861,-1.897742017,-0.12563895,-0.493315668,-5.462447348,-4.999211599,818
-0.196348958,-0.175340428,-0.127172769,-0.918932407,-1.420422798,-1.878213037,-0.714187175,-0.17486526,-7.284181361,-4.721587579,821
-1.781140296,-0.62513292,-2.026037758,-0.860136554,-5.409998737,-5.571351317,-0.424622983,-0.155014576,-8.260863556,-3.904036694,826
-1.931054451,-1.298634798,-2.531437489,1.743529237,-3.965796044,-3.772523835,-0.507165924,-0.548802124,-5.396591517,-4.071378134,827
-0.673036892,-0.321518588,-0.818599648,0.8658381,-2.242377299,-2.048285795,-0.492802214,0.142877997,-3.788476019,-2.571289729,828
-2.915777674,-0.43436946,-3.348571268,0.086118059,0.004647225,-0.068185113,0.446534987,-0.168029009,-6.425974015,-2.766905092,832
-1.696692164,-2.331365223,-2.418192922,-0.789503647,-0.255666892,0.387904096,0.30868855,0.073818283,-4.929478131,-2.354788336,833
-1.239716788,-1.182441988,-1.621100304,-0.341204161,-4.408327986,-4.80150865,1.208957102,-0.669728782,-3.522557594,-2.603139803,841
-2.829901622,-2.330467351,-3.709558494,-0.051826213,-4.432905668,-4.302022404,-0.144226168,-0.21360491,-4.491868964,-3.352908548,842
0.024029781,0.061692425,0.13430191,-0.695761305,0.175091462,0.167268365,0.476522871,0.074624644,-12.10895029,-11.10349458,846
-1.774536509,-2.547495037,-2.78896324,2.938905428,-0.894784241,-0.087772033,0.536724193,-0.491003913,-2.617591227,-3.125146058,847
-2.647509105,-2.157458493,-3.660729078,3.19793685,0.385267459,2.01333286,-1.267923305,-0.303116792,-2.918817803,-2.555284215,848
0.189513806,0.143594243,0.132883802,2.876796376,2.265277428,1.890808652,-0.225694408,-0.347931269,-9.424561061,-9.861615795,849
-1.416537758,-0.289824458,-1.520463555,-1.193968019,-4.397699062,-4.532054987,0.69467828,-1.276869189,-7.750644346,-4.682632029,850
-2.624121019,-1.386210064,-3.051654712,-3.291914807,-0.618038892,-3.375101806,0.61655665,-0.177588027,-8.693247809,-3.545881641,852
-0.36757414,-1.398189339,-0.609635039,-1.461597363,-4.547265657,-4.005369824,-0.156928701,-0.068960731,-9.80276216,-9.98896715,856
-0.011768531,0.676504319,0.252678335,-0.187048373,-5.25915991,-4.899011581,0.056364694,0.099512887,-5.372488338,-4.153516414,859
-1.528045881,-1.954966174,-2.394873084,3.42555554,-0.77016427,0.450936983,0.842157431,-0.345019467,-1.689439319,-3.964613738,860
-0.856170363,-0.316926003,-1.130883943,2.668206121,-2.621053754,-2.503919079,-0.540225202,-0.045326057,-6.71099603,-7.319001005,865
-1.139288748,-1.247165281,-1.466153093,-0.961205689,-5.136844206,-5.191691517,-0.127947064,-0.24564196,-9.607066808,-5.608108364,869
-0.356560277,-1.035836187,-0.546834859,-0.729686574,-2.461177984,-2.318458778,-0.048202629,-1.049089746,-9.402850597,-8.313081017,872
-2.4984489,-1.35429141,-3.14733143,0.504910114,0.557434652,1.135771962,0.065879057,0.329064276,-6.688033294,-3.001754455,874
-0.980877488,-0.202466767,-1.156255679,1.466214137,-3.984599191,-3.752365675,-0.839056612,-0.193931691,-6.572625192,-3.868003989,875
-1.050341781,0.214852538,-1.129881831,1.550479897,-3.494693027,-3.918293618,-0.468821411,-0.735262927,-6.337250284,-7.237069407,876
-1.142677334,0.079749739,-1.494892676,4.38282369,2.846474069,3.018366872,0.416541444,-0.041641317,-4.264827578,-4.234613195,877
-1.104482591,-0.417409604,-1.324604287,0.624479809,-1.375956286,0.035358066,-0.239833463,-0.205958141,-6.976296451,-3.913002547,880
-1.926320065,-1.434085315,-2.402455897,-1.15263297,-3.341693469,-4.457157127,0.587253128,-0.561931033,-8.707362421,-4.720223363,882
-0.547392036,-0.620581564,-0.760915195,0.592948303,-0.477205106,0.577828299,0.234897245,-0.072015148,-6.060784065,-3.508743142,884
-0.387597506,-0.408385163,-0.530183912,1.193445938,-4.569398747,-3.995920004,-0.653302748,0.019318593,-7.385212682,-4.773920713,886
-2.029289717,-1.153984008,-2.194652531,-4.567521743,-7.743637161,-8.185325405,-0.907034213,-0.064618016,-8.180296855,-3.539802716,887
-0.622845103,-2.350454281,-1.248276795,-0.529869526,0.240996603,0.830196243,0.576693007,0.961089474,-13.16777209,-13.33175888,888
0.024609441,-0.025751698,-0.048248116,2.25225525,-0.650761591,0.245706794,0.066062637,-1.045163947,-2.504895209,-2.618066641,890
-0.608245524,-0.286559873,-0.757011054,0.89686016,-0.901865918,0.545839682,0.330653393,-0.406864627,-3.227222394,-3.19560974,891
-1.183231866,0.311599112,-0.963661752,-3.347520237,-6.854454837,-6.983005033,0.616578322,-0.242228814,-2.318544873,-2.231000643,892
-0.835793825,-0.448889084,-0.962219216,-0.256749017,0.216571534,-2.090499682,-0.555813864,-0.242445211,-8.011389833,-4.769571504,898
-1.778274673,-1.416377004,-2.438714889,2.249378445,0.192340629,-0.56357835,-0.18003875,-0.560038199,-4.746579584,-5.285022955,899
-0.716833818,-0.475183234,-0.556089477,-4.741455103,-3.857668454,-6.577833703,0.446634742,-0.659247825,-12.67466308,-11.66907619,900
-1.10499279,-0.807093989,-0.975363199,-6.14547829,-8.376774007,-9.67689642,0.323132039,-0.869602317,-9.216542992,-6.17503967,901
-1.558499172,-2.19167955,-2.145962467,-1.601316279,-5.283320956,-5.902743495,0.289931217,-0.498485952,-7.619532669,-6.92426152,904
-1.109155525,-0.608058971,-1.33010556,0.103477612,-3.26595661,-3.951092781,-0.275882248,-0.349162418,-10.42252797,-13.84047571,905
0.158243953,-0.813610935,0.17485664,-1.810094244,-1.86969539,-4.680581037,-0.957145217,-0.204792848,-10.28419981,-9.03282711,906
-0.18144018,3.107343676,0.726594523,-0.763970103,-0.231432535,0.041273938,-0.546849873,0.058094258,-5.932675794,-3.767349646,910
-1.178521078,-0.64185311,-1.182722927,-3.62682913,-2.2639319,-4.501543755,-0.696635231,0.102902762,-14.08488856,-13.28392089,914
-1.235129668,-0.751364709,-1.561912602,0.095609783,-1.495200377,-0.40886543,2.141749137,-0.761330155,-1.273856843,-2.227034452,915
-1.877094704,-0.495074672,-2.112222944,-0.82517455,-5.509662905,-5.908036865,0.008995674,0.196803217,-7.069561198,-3.465501315,916
-0.599455795,-0.35009566,-0.693920482,-0.362322858,-0.331974053,-1.857239182,1.208126847,-0.713725998,-9.132424888,-7.306821116,917
-1.241759461,-1.485365303,-1.726765808,0.333030371,2.671016282,-1.66581531,0.074669223,-1.356833309,-3.985168334,-4.577962618,918
-2.683485719,-1.371968305,-3.529116676,3.038218893,2.332129381,1.837792416,0.874511274,-0.180894498,-6.565863327,-6.984000888,919
-0.521305402,-0.334768318,-0.223855049,-5.752769433,-8.263499729,-9.170903935,0.472796148,-0.820007374,-8.498703428,-6.208749452,921
-2.166891922,-0.617124302,-2.686634407,2.322757895,2.364844174,1.456863792,0.245518638,-0.725404714,-6.761630876,-7.36492619,925
-2.172707997,-2.08469138,-2.704394873,-2.971367048,-4.556665795,-5.871376369,-0.864097247,-0.439321819,-7.628692054,-3.441716605,928
0.660316083,-1.425980635,0.306113611,1.524568864,0.296022096,0.911399987,1.338643192,0.028899368,-7.52089627,-5.608128806,929
-2.608104249,-1.8264403,-3.096545259,-3.703199413,-6.111540623,-7.062987282,0.457723023,-0.789820886,-4.604934558,-3.801141541,930
-1.378382848,-2.035398483,-2.160315563,2.091524903,1.257785728,0.12293557,0.473423962,-0.151844887,-7.77944155,-11.57716177,931
-0.160440314,1.454926193,0.352340244,-1.304393072,-1.779415679,-2.019128533,-0.095177452,-0.259439843,-8.346150205,-5.229498149,932
-0.925395803,-1.193856757,-1.268075382,-0.165984751,-2.229722993,-3.212729362,-0.102256943,0.026545359,-5.583738654,-6.073985667,933
-0.581985776,-1.575091425,-0.705858267,-4.237669439,-6.878084427,-7.966306745,-0.044784986,-0.74752474,-10.36287179,-10.87720715,935
1.057171867,0.620358889,1.43803554,-0.52846344,-3.481667619,-2.166049562,0.660209478,0.325757986,-10.40504964,-14.43168936,936
-1.396203185,-1.182311168,-1.697888059,-2.02678212,-3.375035879,-4.524500033,1.566293694,-0.856744519,-3.422668788,-3.069984533,938
0.446706471,0.917664735,0.775085795,0.541252907,0.204090005,-2.492200399,0.89864153,-1.302637349,-4.520101759,-3.864201703,940
0.273626405,1.032390016,0.767866815,-1.893210754,-1.266899166,-1.943166074,-0.207279881,-0.182134429,-8.437740679,-4.679446586,941
-1.597149937,-0.126905734,-1.817756957,0.916620474,0.112359962,0.262054029,-0.249136913,-0.371483986,-3.298642549,-3.715943767,942
-1.599802886,-1.722737189,-2.100990085,-1.390672411,-3.2855553,-2.41098614,0.493168273,-0.364404432,-8.007757638,-7.186280086,944
-0.507557113,-0.155697745,-0.564278476,-0.066587786,-0.142287077,-0.956393979,1.457072121,-0.657555635,-8.448603748,-13.0218299,947
-2.948015398,-2.065634174,-3.644765325,-2.548102685,-1.567471425,-2.13604511,1.277524882,-1.135083098,-3.758646125,-2.057819399,949
-0.197758508,0.17940513,-0.313919861,3.265082768,2.44672036,1.713890753,-0.342623986,-0.339674649,-9.38437694,-13.91475052,951
-1.14540785,-0.741560711,-1.105206995,-4.480595549,-7.117344663,-8.232517269,0.00992007,-0.881261068,-8.039087373,-7.044777779,953
-1.788584212,-1.105379375,-2.572451402,5.394202976,0.090481148,0.392702827,0.160703878,-0.525303295,0.475570069,-2.761667346,954
0.200386637,0.863278895,0.203313407,4.645737119,2.933764565,3.651714265,0.582661608,-0.329391536,-4.337080752,-5.011633918,955
-1.542722087,-2.451706226,-2.015419835,-4.356058215,-7.021058284,-7.734653334,0.331519712,-0.876048529,-7.279922636,-5.810356814,956
-1.501623555,-1.53751522,-1.648634615,-5.279708423,-8.158546262,-9.510799315,-0.804116847,-0.585910186,-10.37261893,-7.55082218,957
-0.255550678,-0.593305168,-0.337817719,-0.562294856,-2.947593319,-3.297382463,0.386219998,-0.567751009,-8.911996765,-6.957947187,958
-0.791539271,0.23796171,-1.022006556,4.09831423,0.23611233,3.061029263,-0.61730999,0.233951559,-3.701344522,-4.375347962,960
-1.110245734,-0.09393172,-1.379700079,2.735614766,1.960960511,0.530033524,0.022457374,-0.340654873,-2.47945257,-4.951931865,961
-1.478510738,-1.920163549,-1.948620325,-2.57679222,-1.596676154,-2.970122301,1.176953447,-0.811519809,-4.196151876,-3.043577614,962
-1.003014136,-1.634770156,-1.719944104,3.734977171,4.426226547,2.599069283,-0.8392724,-0.05689345,-8.385445789,-14.13774066,963
-0.441916973,-0.026124052,-0.710665258,4.297602529,2.469799177,0.433751737,0.198357906,-0.395681772,-5.949653105,-9.300763772,964
-2.370123464,-1.257959536,-2.782850446,-2.555237624,-1.869808388,-3.166155198,0.949713724,-0.263667169,-9.449858814,-6.970859243,965
-0.450943513,0.19533204,-0.303913917,-1.348313545,-5.429810134,-5.972352527,1.129230855,-0.758690554,-4.817766646,-3.329676368,968
-0.770427785,-0.212193861,-1.159322233,4.28672801,4.784207568,5.71353579,0.791230329,-0.37349805,-2.43582504,-3.031150521,970
-0.203004584,-0.890003661,-0.341684476,-0.768448852,-0.83781759,-3.620919123,0.419625195,-0.611074575,-8.71288493,-9.738180512,971
-1.726872077,-3.35036319,-2.554507206,-3.138020458,-1.469087309,-4.048707668,0.445568431,-0.367611655,-6.22122791,-3.732077092,973
-0.563056552,-0.494512796,-0.918162196,3.675030349,-1.743179764,-1.317274254,0.436663519,-1.319841685,-1.851283624,-4.087210735,974
-2.172291586,-1.633596639,-2.490587006,-4.473015387,-7.451842828,-8.293874789,-0.442217989,-0.549580281,-7.59266992,-3.27947793,975
-1.371996344,-0.434048225,-1.821162734,3.749752305,-0.641996569,0.146929388,-0.047982518,-0.592166177,-3.654683707,-6.64094171,977
-1.174257098,-0.714598706,-1.727004544,4.48988695,-1.042607013,-0.480599379,0.396077258,-0.20552858,-0.747390754,-4.06537826,978
-0.86986277,-0.746278959,-1.056695321,-0.887181863,0.258283206,-3.923528462,0.904884893,-0.686593535,-9.839053449,-9.059766741,979
-1.144619861,-0.719787576,-1.652659249,3.864090756,1.462155429,-0.287883779,0.533114939,-0.993012433,-1.427631887,-3.88193782,980
-2.021197252,-1.403911271,-2.241753092,-5.018151687,-7.317693868,-8.305765603,0.346104051,-0.460880889,-7.199968109,-4.264217239,982
-1.175886618,-0.68278085,-1.713606642,4.426056585,-1.371687542,-0.792262945,0.327885094,-0.34473671,-2.097433122,-4.658023684,983
-0.148899709,1.425148477,0.450073757,-2.606087127,-2.336809627,-4.269872191,-0.462478653,-0.049286904,-10.8394878,-6.668304847,989
-0.505670183,0.362880742,-0.382214237,-0.111978267,-3.932665833,-3.133782015,-0.673288245,-0.144664971,-9.554509392,-6.357173374,992
-1.667296996,-0.856818717,-1.992836273,-0.935220451,0.459131217,-2.25909605,1.569622708,-1.03693452,-3.169189617,-2.770651805,993
-2.684876422,-2.406376287,-3.507890283,-0.846729595,-4.612108683,-5.256548335,-0.225685679,-0.56032714,-4.809262378,-4.221815851,995
-0.149605261,0.714591825,0.189617764,-1.256734189,-1.68932736,-2.40720906,-0.940334013,-0.548393434,-5.668013893,-3.269367249,999
-2.606402143,0.693339298,-2.676656805,0.101433291,0.285480565,-0.601243501,-0.847638714,-0.393151908,-6.687748025,-3.676508619,1002
-0.167615992,0.13898013,0.202770471,-4.860569724,-3.634015876,-2.583873396,0.586410915,0.372525432,-9.105894234,-3.603114305,1003
-1.700043345,-0.904325071,-2.055631241,-0.229539599,-4.492009938,-3.261428891,-0.652058301,0.355440336,-8.751705321,-4.829750814,1005
-0.855427748,-0.627495497,-0.86627266,-2.875579085,-6.616250465,-6.735727525,0.134909637,-0.000333353,-8.054130668,-4.910133117,1006
-2.135865881,-2.199057454,-2.999560971,1.231499613,-0.05706037,-0.253176267,0.208120486,-0.000743825,-7.702224672,-4.577958823,1007
-1.273720166,-1.407587383,-1.40523591,-4.80641615,-3.391480693,-6.348537026,-0.689924231,-0.360253552,-11.46073203,-6.571454224,1009
-1.556335488,-0.16544077,-1.456250429,-3.931055129,-6.976823999,-7.534215502,-0.083206225,-0.367433307,-4.143515826,-2.802539823,1010
0.226917152,-0.361287809,0.149764242,0.805433981,0.668887695,0.205695693,0.778452916,0.525788336,-7.534899496,-5.520384806,1012
-0.982959885,-0.35175213,-1.305776717,2.487764688,2.846583961,4.165611061,0.196777433,-0.197122197,0.350916545,-2.347565379,1013
-0.971416816,-0.602098006,-0.736453973,-6.679181792,-6.658978291,-8.746963141,-0.140838968,-0.658634684,-11.57139407,-6.739086476,1014
-1.50479808,-1.323926937,-1.816770949,-2.39164507,-3.642113967,-1.72249027,-0.304380317,-0.200718414,-9.485411823,-7.623705367,1015
-1.130504076,-1.145199959,-1.407322131,-1.332946993,-2.838132721,-2.950618613,-0.008322934,-0.961746863,-4.912647139,-3.434294623,1018
-1.253364945,-0.466340214,-1.276957199,-2.532693461,-6.453291685,-6.799634663,-0.763297282,0.053345718,-8.846436276,-4.919645991,1019
-1.457844729,-0.15011148,-1.73044273,1.729664613,1.790196111,-1.085679732,0.7727239,-0.680007475,-7.099893072,-9.590573095,1020
-1.739270053,-0.656218218,-1.982502854,-0.933143072,-4.250512993,-5.328606389,-0.156900225,-0.627616193,-10.03672675,-10.6518998,1022
-0.45050952,-0.017852625,-0.328578063,-1.45124695,-5.846488066,-6.119261225,-0.231972962,-0.703599363,-9.033021957,-5.300039624,1024
-0.497818057,-0.27658425,-0.34334883,-3.338263176,-6.096985927,-6.98004128,0.594639135,-0.801765289,-11.11468634,-11.59679072,1028
0.127798151,0.090323743,0.30825588,-0.970826737,-3.657515437,-4.810481415,-0.163045307,-0.075287025,-11.98017415,-12.56566671,1029
-0.781633568,-0.786974871,-0.944073516,-1.595258171,-1.889981531,0.685257422,1.172144446,-0.5677646,-3.668256219,-2.329835489,1030
-0.30501041,-0.011099089,-0.519127997,3.359747064,3.753829824,4.078251402,0.487270353,0.037844255,-8.444990109,-9.70295105,1031
-1.409552532,-1.44659334,-1.69459855,-2.906351908,-4.93799977,-4.1176973,-0.443265755,-0.677922431,-10.16911304,-6.658514531,1032
0.335664877,-0.132591897,0.590149148,-2.841304315,-5.705063966,-4.85100028,0.350076841,-0.059910819,-10.14429264,-5.872042704,1037
-0.746961888,-0.919677068,-0.766830054,-3.722065805,-6.071957737,-7.097895532,0.277085351,-0.266195227,-10.65498122,-10.6131067,1038
-0.139869665,0.326087587,0.04487386,-0.294688904,-1.502368702,-2.264411381,-1.207700419,-0.738197254,-6.920058183,-3.771244942,1040
-0.957011067,-1.344456955,-1.564747456,2.891748103,1.865571431,2.728889432,0.441335195,-0.028050154,-8.610257926,-14.752016,1043
-0.638132098,0.71119725,-0.605901351,2.544410949,-3.630351697,-3.116114628,-0.359572764,-0.393171489,-4.128619361,-4.234382141,1044
1.523127025,0.33379191,1.965284857,-1.880717873,-0.885781392,-1.731818831,1.187914333,-0.098711696,-7.57306576,-10.15836876,1045
-1.924205921,-1.314867034,-2.347653431,-1.064067334,-4.941151215,-5.256745704,-0.71269131,-0.143211207,-6.359566445,-6.032359,1046
-1.006682928,-0.418797141,-1.051211781,-2.136870112,-1.846933231,-2.218512024,0.340461104,0.090722901,-11.86980088,-8.435673788,1048
-2.053579352,1.363240544,-1.807807906,-1.199335547,0.197697903,-0.691300513,-0.643795213,0.108479674,-9.57720757,-5.872480469,1049
-2.183080883,-0.315325041,-2.394260432,-1.35196165,-0.283573714,-3.273249648,0.913890907,-0.551993092,-3.606116513,-3.749114097,1050
-2.354546052,-0.1381859,-2.52046207,-1.610892649,-1.585483107,-2.365720941,0.594077074,-0.687066496,-2.830964977,-2.267323231,1051
0.200462477,0.054310536,0.038736581,4.15400241,4.035206911,2.895955982,-0.145637346,-0.404300282,-7.594958727,-9.016453216,1052
-1.20234102,0.216392803,-1.116506356,-1.157074034,-5.094259275,-5.794262469,-0.646470249,-1.316791308,-5.716260617,-4.525918966,1054
-1.414035828,-2.026123412,-1.913441481,-2.003152864,-3.022398255,-3.493392154,-0.371968703,-0.367754,-10.07806913,-9.239335778,1056
-0.37858847,0.187792611,-0.322077944,0.528715298,-4.650235337,-4.750949659,-0.346400857,-0.376496922,-8.825463326,-7.400917236,1057
0.050318803,1.297180633,0.520319447,-0.903903993,-2.250959721,-1.279912004,0.244435378,-0.584833812,-4.026625216,-3.552826412,1060
-0.365060733,-0.172673572,-0.242744247,-1.822790692,-1.453575361,-4.066402153,-0.953415215,-0.74731434,-11.37247016,-11.991137,1062
-0.984109154,-0.898296569,-0.916844433,-5.093738429,-7.495629524,-9.055888886,-0.513460732,-0.712580077,-12.50422477,-12.0289571,1064
-0.509292934,0.235148649,-0.515282704,1.232006974,-0.997562872,-0.01972986,-0.32090556,-0.466844642,-3.463372615,-2.90656858,1066
-1.46179265,-1.988668944,-1.743809498,-4.852255228,-8.259222315,-9.403642956,-1.079824081,-0.517101203,-10.68194441,-8.872933465,1067
-1.077127683,-1.106218331,-1.263095345,-2.794260498,-4.241290497,-5.304267058,1.062954486,-0.740480122,-8.732649872,-4.426054595,1070
-2.183044727,-1.347596611,-2.645656742,-1.707771755,-0.15133402,-2.682549574,1.171159869,-0.883508472,-4.21166717,-4.501820865,1073
-2.096131469,-0.906761599,-2.403687629,-1.240372862,-1.200146747,-2.385928694,-1.573042062,-1.534426684,-6.240255083,-5.004557805,1076
-0.831839094,0.151301444,-1.049669928,3.737395474,-2.913540191,-2.041660552,-0.323543108,-0.270310884,-1.467737108,-2.526920739,1077
-1.995000053,-1.320221671,-2.595447327,0.765350517,-0.69134185,-0.613506272,1.538210629,-0.707484738,-0.838348392,-2.652570296,1079
-2.050971939,-3.158826919,-3.15327323,1.09655612,1.298885305,0.651339098,1.123213739,-1.218884622,-3.580994361,-3.292826475,1080
-3.804307064,-3.132397067,-5.0226912,-0.216018822,-0.600424644,-1.385282425,0.194177708,-0.288256887,-4.245240864,-2.924254173,1082
-1.291745792,0.533370902,-1.286227598,0.254081752,0.639468765,-0.503260596,0.56302586,0.687702828,-5.3492604,-3.074014841,1083
-0.535906233,-0.158571875,-0.433271111,-2.289478438,-1.812474582,-1.726178586,-0.201780944,-0.077358861,-12.24100871,-9.02062433,1085
-0.578740678,-0.636199452,-0.720830297,-0.5606051,-0.996914857,-3.320029195,1.083877714,-1.075017158,-9.563580061,-11.00507984,1086
-0.713025077,-0.328620649,-0.461406619,-5.374512456,-7.848100143,-8.574048499,0.336217427,-0.751938342,-6.223579187,-3.589940466,1088
-1.156472707,0.16896895,-0.960412674,-3.338287969,-2.798096673,-5.326810807,-0.307795053,-0.530036854,-11.43105388,-10.18378613,1090
-1.908785928,-1.690934461,-2.373053908,-2.227900382,-5.515425707,-5.960678877,0.346598571,-0.234394804,-4.628714698,-3.83744362,1092
-2.828797118,-2.247990537,-3.719370483,0.360072124,0.087453179,1.2072244,-1.099499008,0.069240126,-8.231976812,-3.817913343,1094
-0.582464703,0.366276997,-0.429500372,-0.840399595,-2.742824691,-1.823798328,-0.333332778,-0.391573499,-9.705920646,-12.11420553,1095
-2.157655884,-1.659940026,-2.93331849,2.267162644,2.547461289,3.085712442,-0.813370345,-0.544814858,-5.741900811,-3.715639877,1096
-1.202731765,-1.727039362,-1.499698512,-3.594417253,-6.8828662,-7.515566631,0.521264399,-0.559884494,-8.946784088,-5.188060254,1097
-1.622907521,0.306274368,-1.799300761,1.506482815,0.777701023,1.261670265,0.759524857,0.011091829,-5.630866268,-3.762477344,1099
-1.261618345,-0.716036868,-1.417023823,-1.728900047,-4.983120123,-4.715251796,0.105746615,-0.82075451,-8.750756414,-5.30421339,1100
-0.751778207,-0.847506379,-0.807470759,-3.095683511,-5.466132089,-5.100868597,0.89701385,-0.717857861,-7.828959951,-3.939645677,1102
-2.366461421,0.77554346,-2.506436965,1.65494889,0.365645643,1.577778575,-0.300365774,0.349455201,-4.772383103,-2.887292575,1104
-0.334504485,-0.095313056,-0.283622777,-0.499648315,-4.97274513,-5.274299638,0.038016569,-0.673151781,-6.274055973,-5.465259478,1105
-0.044498627,0.698308599,0.234128145,-0.554115235,-4.774651371,-4.659303664,0.783704178,-0.435550222,-6.316979501,-4.853957434,1106
-2.120328022,-2.411021887,-3.200922435,3.963620364,0.602968843,2.626051038,-0.109915448,-0.616218444,-0.857038343,-2.741911604,1107
0.031188474,2.370767796,0.758364121,-0.635807147,-0.952197802,-0.628532107,0.049771762,-0.180218353,-5.332817165,-3.022513655,1108
-1.132071127,0.659217334,-0.919738416,-1.839560032,-1.531532811,-1.380663922,-0.097029193,-0.14767736,-7.258507994,-3.301131724,1110
-1.480914907,-0.802282354,-1.788925599,-0.187448569,-0.14878554,-0.889733224,-0.228398937,-0.739919632,-4.283840874,-2.761578446,1112
-1.269994306,0.070532818,-1.336257922,-0.135257761,-0.122900062,-1.385032801,0.052701901,-0.29412308,-6.020745199,-2.894042372,1114
-0.934608208,-0.675843643,-1.189418412,0.531176079,0.484005714,-2.007081141,-0.253032167,-0.119582656,-6.803823555,-3.383795204,1115
-2.458750275,-0.612087491,-2.865492027,-0.032618646,-0.155914731,-0.666378066,0.303505616,-0.349878658,-6.076290835,-3.719076713,1117
0.263221378,-0.388391547,0.201735441,0.54607007,1.463352188,0.777534272,0.770480375,0.032671218,-11.05277128,-11.07964226,1119
-3.354923614,-1.957543147,-4.280770374,0.868262189,0.8788449,0.550310673,-0.138717208,-0.161283072,-7.32383624,-3.92103497,1121
-0.526754558,-0.014353758,-0.876284481,5.536128502,-0.713450352,-0.214016776,0.134370919,-0.248438928,-0.705379098,-3.272677822,1122
-1.106300058,-0.236249086,-0.951387557,-4.098859538,-6.738278343,-7.777419473,-0.510625097,-0.282897109,-11.49021781,-12.52953411,1123
-1.499554562,-1.116576931,-1.479216686,-6.446616753,-8.512608447,-9.766966833,0.048219048,-0.631205562,-9.705542587,-5.158782051,1125
-0.562216854,0.609852568,-0.084259936,-4.628147361,-5.746817973,-7.328580786,-0.744781128,-0.177055207,-11.61401529,-8.268601929,1126
-0.300929881,1.093014604,0.102362258,-1.239756316,-5.922903928,-5.591954365,0.156863772,-0.100503985,-6.604564848,-3.108515948,1127
-0.547271406,0.446217389,-0.409053156,-0.39803773,-0.892106289,-0.710698254,-0.186473482,0.096173897,-5.477145992,-2.776284784,1128
-0.626183335,-0.804002369,-0.70051421,-2.114917303,-1.94128072,-4.729333023,-0.119415332,-0.541103989,-12.59335703,-12.40761046,1129
-0.783086465,-0.747797229,-0.920529675,-1.387170819,-0.278110064,-0.779856587,-0.569835648,0.236552532,-11.68978777,-10.15228697,1133
-0.703953616,0.20033239,-0.607241247,-0.961073071,-2.517365565,-3.505425103,0.240018937,-0.481766904,-9.85154345,-9.823176097,1136
-0.381989469,-0.946046034,-0.695435077,1.469297069,-2.302856385,-1.59528929,0.14820306,-0.792185756,-5.737048175,-6.760820696,1137
0.402047824,1.119403898,0.941178305,-2.002282406,-3.547777064,-4.687498105,0.396903194,-0.244537595,-11.26482814,-11.91693712,1140
-0.406715347,0.205745081,-0.302141905,-0.428184359,-1.546092131,-2.139622364,-0.475066931,0.175046966,-10.79318789,-12.27650031,1143
-2.433020081,-2.477996743,-3.268550239,-0.65579932,-4.422024914,-4.545468721,0.155370906,-0.218559323,-5.188288982,-4.308750629,1147
-1.279249987,-0.599276228,-1.457057021,-1.247989784,-1.432927022,-2.90021069,0.708244662,-0.611062771,-10.75736361,-9.508752408,1148
-2.624421029,-2.16161081,-3.35108582,-1.502385417,-1.934851559,-1.765657365,-0.227861925,-0.49874788,-9.365355439,-5.650730039,1152
-1.227187954,-0.870710287,-1.473894221,-0.951519488,-2.7232057,-4.228684901,0.054065952,-0.205845418,-9.193036215,-7.285876188,1153
0.012801181,0.33830791,0.202921663,-0.771988079,-1.613694277,-0.252687489,0.156471514,0.417405848,-12.98756471,-12.18887681,1157
-0.719905707,0.893624764,-0.425553859,-1.581354692,-3.902229332,-3.46780399,1.284323842,-0.178434046,-2.838338576,-3.677275739,1158
-0.959565523,-0.85345678,-0.784985619,-6.728440927,-8.8410714,-9.985078807,0.050040268,-0.568618685,-10.1604658,-5.607943191,1160
-1.408885707,-0.360369147,-1.284395822,-4.886472635,-7.935516539,-8.6213045,0.049012072,-0.274177939,-9.240045937,-4.202438678,1162
-0.625700431,-0.433628179,-0.383725932,-5.468706189,-8.107117079,-9.363370875,0.32290925,-0.638352116,-10.25377341,-8.476823086,1163
-1.35120924,-1.576552494,-1.717582183,-2.723253564,-1.020571194,-2.5410533,1.848855522,-1.225918093,-5.829605697,-3.896182323,1164
-1.077085855,-0.817291996,-1.384425516,0.709983462,-4.059967424,-4.25028651,-0.3581775,-0.33545296,-10.03487787,-10.58780714,1165
-1.162058738,-0.86343423,-1.0207846,-6.602589997,-8.906086274,-9.987170035,-0.049710688,-0.602255919,-9.623311391,-5.320847278,1166
-2.259774453,-1.854926342,-3.047839877,1.119982115,2.592110059,1.526687906,0.325071433,-0.125566664,-6.924341887,-7.779861594,1167
-1.994523358,-1.338486969,-2.22204531,-4.270107024,-5.134016803,-7.215743507,-0.688735205,-0.92495993,-10.54571879,-6.838185343,1172
-0.003806785,0.59870464,0.055066751,2.778182656,1.183133398,3.895531166,-0.872036589,-0.774088081,-0.874557296,-3.34999852,1173
-1.119231641,-0.908046619,-1.595716586,2.445767425,2.983354418,0.322408307,1.044647814,-1.233084079,-3.134438696,-5.106747037,1174
-2.638055654,-1.541720695,-3.251141843,-0.350140361,-5.086487307,-5.206485316,-0.930441895,-0.166589086,-6.60224135,-4.966547715,1175
-0.137570175,0.938859204,0.198716282,-0.973401056,-0.804150892,-4.14908902,1.420934676,0.071431822,-5.604616143,-4.302142453,1176
-1.775465067,-0.608636262,-2.084713985,-0.285312533,-0.973287179,-1.04266366,0.889271647,-0.87909559,-6.870979413,-4.010073823,1177
-1.498897763,-0.644441543,-1.737040059,-0.525818793,-4.228568811,-4.923705547,0.196007686,-0.940218192,-4.620310743,-5.272594748,1179
-0.891350253,-0.847773975,-0.709648898,-6.648014387,-9.354034481,-10.19634017,0.021259636,-0.605495239,-9.607501754,-5.377674164,1180
-2.40284052,-2.740732798,-3.345544001,-0.379436035,0.560953617,0.721037658,0.166130529,0.072467082,-8.976189736,-5.366003387,1181
-1.992964505,0.822474666,-2.045961017,1.117344505,1.308981567,0.335222982,0.269175494,0.179798439,-5.900188622,-3.580926237,1182
-0.574369556,-1.157497228,-0.595499775,-4.247486799,-6.903398984,-8.111282164,0.377989113,-0.811280482,-11.51832052,-10.82637355,1187
-1.38107126,1.674755684,-1.104569764,0.908886821,-0.897604904,0.021373928,-0.025419261,-0.417273975,-2.314506617,-3.94148665,1188
-2.749144538,-0.427741527,-3.304152896,2.712617637,2.327646651,-0.217864642,-0.262893846,-0.21196447,-1.410242432,-2.765028094,1189
-0.418080553,0.232771954,-0.283933785,-0.811387839,-3.501008891,-4.29122241,0.048584168,-0.116225699,-9.808112129,-8.087547444,1190
0.419634876,0.791231583,0.74091311,0.146415613,-2.073927976,-1.441895864,-0.422039875,0.277066755,-6.758899564,-3.806779901,1193
-2.254086644,-1.826197401,-2.95847454,0.07165026,1.4896819,0.855712686,-0.33671779,0.140366465,-9.465011509,-6.131404551,1195
-1.643505425,-1.770925972,-2.177289965,-1.25007624,-2.210027789,-1.437074405,0.414812383,-0.190187064,-7.922854544,-3.593053737,1196
-1.5417453,-1.62430555,-1.713842833,-5.499125541,-7.926377132,-9.106897231,-0.315021566,-0.584369766,-10.1289592,-6.996727834,1197
-1.568685738,-0.584638949,-1.943120715,1.397750763,1.861940324,0.955035583,-0.183812025,0.085857805,-2.597317467,-4.266689612,1198
-1.348128675,0.422986685,-1.358119642,0.354265858,0.319293598,-0.035491331,-0.661876014,0.083563833,-10.54634668,-8.126058182,1200
-1.505099002,-1.113415112,-2.11096933,2.852468199,1.507136881,1.403546278,0.404442217,-0.316834524,-4.249442275,-3.735206626,1201
-2.034391677,-0.690787759,-2.385679283,0.083839299,-1.150166381,-0.719238863,-1.400807864,-0.127183628,-7.954768346,-3.798430529,1202
-2.218995339,-1.309343765,-2.81700852,0.827486687,0.523421523,-0.15178947,-0.429970018,-0.43745793,-7.573093649,-8.916711115,1203
-1.726257766,-1.622202002,-2.360973791,1.016588146,-2.719589884,-3.27509962,-0.181995481,0.553527132,-6.326497082,-3.301674287,1206
-0.875288233,-0.192070528,-1.25724196,4.494374745,-0.097745962,0.820922803,0.358232813,-0.401477043,-3.482213333,-6.289724379,1207
-2.691915963,-1.909090726,-3.352787791,-1.607876055,-2.629103296,-4.551470127,0.253609657,-0.446959983,-5.095928507,-2.941677937,1209
-1.479757222,-0.866523086,-1.614768933,-3.05668367,-5.968858298,-6.827278563,0.325982743,-0.77683662,-6.787468039,-5.410645896,1210
-2.189485076,-0.27693399,-2.719756137,3.796114685,3.474216626,3.885767017,-0.042693977,-0.409461747,-2.247140114,-2.973671354,1211
-0.192903611,0.746436816,-0.042268807,1.306277284,-0.032465168,0.571843307,-0.106103457,-0.056131717,-7.701630473,-5.99427547,1212
-0.191860362,0.649025064,0.190411915,-2.540070027,-2.064318615,-4.922622239,-0.151459195,-0.012224061,-13.45890537,-13.57826838,1213
0.790254893,-0.340756741,0.900181622,-1.123738745,0.971134798,0.27972743,1.422940666,0.028949307,-8.419629351,-4.701346444,1214
-0.159392456,-0.127941492,-0.134609662,0.014984512,-3.39164537,-4.158172805,-0.126880692,-0.231692977,-8.910797144,-6.035166136,1215
-1.859504329,-0.278518462,-2.344404952,3.812702804,0.811841977,-0.445137047,0.505231897,-0.357949058,-1.038318983,-3.020334419,1216
-2.342296482,-0.591467671,-2.584138041,-1.729054565,-5.796914601,-6.477847334,-0.484292087,-0.623763627,-7.363133271,-4.798667022,1219
-1.283776924,-0.453497288,-1.456108594,-0.425508271,-4.058742433,-4.930099902,0.159125353,-0.536042254,-8.495670762,-8.861126474,1222
-1.584631036,-0.747857903,-1.748156724,-2.314870388,-2.667984563,-4.721681585,-0.734537989,0.267130004,-10.46373832,-6.847665933,1223
0.028966902,-0.296261947,0.036640806,-0.36079077,0.220335913,0.676741956,-0.202178947,0.195593935,-9.293999971,-6.867333166,1224
-0.34166601,0.216998884,-0.027084162,-3.643127025,-6.724332237,-5.811725761,0.213841346,0.155912423,-9.301535147,-4.212467401,1225
-0.670229725,1.63603656,-0.021288282,-3.935160882,-1.614543808,-4.913927029,0.75809778,0.149067466,-8.604792344,-4.778970914,1226
-0.515446356,-0.777369925,-0.643188934,-0.858669504,-2.339875545,-4.326938826,-0.447734042,-0.34036713,-11.32210219,-11.23555684,1227
-1.165576686,-1.881676661,-1.762379037,0.202553658,2.357840993,-0.3193662,0.485301191,-0.185496663,-8.573259576,-9.946340703,1228
-1.201862077,-0.407075557,-1.383252944,0.02345754,-0.468722228,0.176595137,-0.753993672,-0.299602001,-6.974909697,-4.759426112,1229
-1.454025154,-1.691204891,-1.988443723,-0.520927685,0.325737115,-1.836871762,0.404965797,0.325193999,-3.421760927,-3.904456777,1231
-0.095425414,0.296505075,0.194607077,-2.057221296,-5.805838452,-6.584392398,-0.261932864,-0.761678282,-10.83360167,-10.96961835,1234
-2.071201779,-1.002285219,-2.630886268,1.857816386,-2.331332728,-3.075662525,-0.363710185,0.151349989,-4.425356319,-3.409073807,1237
-0.092414649,0.32306828,-0.111803361,2.349745893,-2.63180248,-1.887270208,1.244331894,-0.637848288,-0.293853363,-3.269238192,1239
-1.387947059,-1.651207706,-2.15830272,3.250837097,2.0909647,2.986060529,0.61559456,0.319630982,0.279909878,-2.07407757,1240
-1.574438532,-1.057133967,-2.082018022,1.842045465,1.267251619,-0.482088923,-0.863028442,-0.313789404,-10.59270754,-12.53724437,1241
-1.522956502,-1.158573835,-1.867069037,-1.341925958,-0.675442566,-3.217429142,0.178700526,0.022634803,-7.565164708,-3.684678875,1242
-1.038363641,-0.943103719,-1.394855254,0.861900973,-3.186250148,-2.188468634,-0.410202676,0.156395211,-7.739396504,-4.739990826,1246
-0.491555579,-0.49121649,-0.377474667,-3.468385481,-6.769210021,-7.701237908,0.416855836,-0.916745147,-10.25314875,-8.182664641,1247
-1.341052399,-0.649576256,-1.673245598,1.073085202,0.644234933,-1.022261125,-0.651700532,0.343449749,-9.400351256,-9.518679329,1248
-0.655775196,-0.631288263,-1.143892817,4.734636264,0.027803523,1.445435104,0.259084988,-0.065908152,-4.700389721,-7.808516951,1249
-0.715894275,-1.182058121,-1.129432293,1.423963518,-0.946773142,-2.449222153,-0.350284006,0.199127561,-6.155691777,-4.381328125,1250
0.169503932,-0.378406829,0.101774002,0.718255674,-1.954798992,-1.029711589,0.530605217,0.035593098,-5.528129682,-4.437399561,1251
-0.12645682,0.750358675,-0.067338237,3.138537572,-0.900071598,1.563585806,-0.707976317,-0.352919028,-4.833642806,-4.909727,1252
-2.461151717,-1.219515684,-2.956381582,-0.852942163,-4.45931541,-4.865882148,0.259981346,-0.511632922,-3.833220919,-3.349275726,1254
-0.853142952,0.23504276,-0.758890992,-1.144171924,-5.52547607,-5.626898188,0.584106328,-0.031436185,-7.841878307,-4.157199456,1255
0.284971682,-0.449386564,0.16348154,1.318500253,2.092828761,2.015164052,0.690398033,-0.160927886,-8.549378913,-11.14622419,1257
-0.169497799,0.343399163,-0.126736666,1.500232139,1.426080538,0.974087704,-0.566592633,-0.093263422,-11.53631017,-13.19607411,1258
-0.101126837,-0.450299724,-0.110929498,-0.957973834,-0.378084907,-1.448669311,0.198931405,-0.220833058,-13.99506427,-14.97016342,1259
0.256660723,-0.418402162,0.178127079,1.036370148,0.064152116,-0.443223807,-0.210444936,0.237643692,-10.58318046,-12.10062712,1260
-1.404447422,-0.816749485,-1.639436843,-1.539031331,-1.502562595,-1.044642601,0.227755459,0.017101231,-6.248708488,-3.127139307,1261
-0.704509423,0.494834522,-0.582477361,-0.335237669,-0.703991878,-0.842142301,-0.165092286,0.498815319,-10.38431404,-7.999202446,1263
0.764791316,1.508559226,1.279204063,0.589472008,0.587076441,-0.194242984,0.156366001,-0.292510615,-10.31348001,-11.75231213,1264
-0.994513297,-0.121758711,-1.097673346,-0.042543158,-0.514532963,-0.017155788,0.482590808,-0.081746135,-9.489009334,-7.084897192,1265
-0.113258395,-0.900705775,-0.188695069,-1.558351559,-5.69546363,-6.095933456,0.850002373,-0.96547674,-4.662664976,-3.957529308,1267
-3.155563831,-0.681183141,-3.611134527,-1.186288404,-0.574862578,-1.314342098,0.824158019,0.168701896,-8.356090698,-3.438820397,1268
-2.05597393,-1.33606377,-2.608404862,0.181632754,0.485781064,0.789562683,-0.649149335,0.503761922,-3.585817883,-2.72559528,1269
-1.378625588,-1.147319675,-1.338961457,-6.664201384,-8.880662555,-9.987068532,0.078558282,-0.472663416,-9.507581973,-4.724816897,1270
0.275244237,0.806378679,0.69118481,-1.630347015,-1.993090418,-0.692960157,-0.249273102,0.003973047,-7.119501485,-6.736749672,1271
-2.950226526,-2.800183411,-3.909769933,-1.304763178,-1.136059328,-1.68545391,0.398186998,-0.429893456,-6.42774471,-2.938557577,1272
-3.343207958,-3.892949487,-4.58902411,-1.909872137,-2.756625625,-2.241608599,-0.06154182,-0.421293587,-5.911598906,-2.805845152,1273
-1.496795908,-0.781993831,-1.995087591,2.970204541,-2.619606165,-2.179538441,-0.356208825,-0.15823081,-3.02555923,-3.35096669,1274
-2.457578959,-1.200366719,-2.966628743,-0.392670597,-1.988195104,-3.152628089,-0.575049591,-0.646111993,-8.956452032,-7.908319595,1275
-0.823330179,-0.156734193,-0.632920214,-3.910017028,-7.350322661,-7.924313929,-0.056145503,-0.365514617,-10.29036315,-4.844910516,1277
-0.155940966,0.156123669,0.003951186,-1.001667424,-5.369412947,-5.619583052,0.208348867,0.01924394,-9.473384345,-8.497548471,1278
-1.092119951,-0.246171996,-0.930754475,-4.3564734,-3.623674466,-5.10372262,-0.708601488,0.06765208,-6.837952057,-4.227024407,1279
-3.24411852,-2.506350026,-4.22911003,-0.210601644,0.874022445,-2.2892139,0.62848972,-0.764493248,-3.159990059,-2.594228665,1280
-1.032373832,-1.256718775,-0.975218866,-6.66355279,-9.076146484,-10.300021,0.100503446,-0.655439679,-9.805464647,-5.412087089,1281
-0.628705279,-0.670594759,-0.536458646,-3.916088765,-7.206807274,-7.638946909,-0.411690276,-0.634680185,-6.09710089,-3.636855951,1283
0.123419014,0.596667069,0.611963789,-3.775338158,-4.382739134,-6.486829998,0.073437247,-0.167768665,-12.26501604,-10.50574201,1284
-0.244211339,0.027170715,-0.240248193,0.108404471,0.070292652,-0.734042991,1.478865753,-0.013881154,-7.505363787,-5.692478265,1286
1.053094551,1.751716029,1.614147605,1.81994729,-0.036241612,0.713238971,-0.013796658,-2.224137613,-1.597739621,-3.290329506,1287
-1.910856501,-1.301682017,-2.406695015,-0.329195498,-0.360695131,-1.555173707,0.311211713,-0.617694673,-9.937199364,-6.411965768,1289
-1.232585938,-0.978091718,-1.43949179,-2.013615873,-5.802263218,-6.170505951,0.305337924,-0.167905181,-8.019965539,-5.768174948,1291
-0.873835164,-1.412987031,-1.482088769,3.28161805,-1.990290579,-1.52704945,0.059312103,-0.73910629,-4.980620668,-8.492151376,1292
-1.433724604,-0.013870056,-1.448814562,-2.133975569,-2.08759637,-2.262001772,1.82155945,-0.328992379,-5.859207042,-2.650131688,1293
-2.141942706,-0.22630835,-2.596041475,3.350508123,-1.671333001,-1.621462617,-0.330676572,-0.644506952,-0.356678752,-2.715848758,1296
-1.760107442,0.868332925,-1.677435657,0.080999593,-0.514053075,-0.748564952,-0.847125534,-0.220622371,-8.338854078,-6.89447578,1298
-0.732754681,-0.505717943,-0.829216507,-0.882957901,-4.964284092,-5.301816887,0.177067901,0.234448072,-9.947011268,-7.799597021,1299
-0.776105904,0.560623112,-0.500460745,-1.856136976,-5.557219858,-5.185509895,-1.62255828,0.058149495,-4.684854966,-2.758440042,1300
-0.84737483,-0.478983184,-0.644181585,-5.479268178,-8.063967009,-9.309702016,0.393276288,-0.78818194,-9.574127788,-8.065354852,1302
-2.476442148,-1.140070622,-2.863270296,-2.272501312,-2.516450915,-2.620877484,-0.258848712,-0.530452615,-6.827392615,-5.766255425,1303
-0.020185745,-0.141936071,0.182538957,-2.906171305,-4.372690695,-5.308808435,0.805728278,0.124268708,-7.789342547,-3.750088535,1304
-3.322278239,-3.067321583,-4.412885139,-0.997600729,-3.763383676,-3.019003071,0.248984705,0.049097455,-4.180350841,-2.426769647,1305
-0.814210275,-0.558915346,-0.600171386,-6.116216232,-4.565762967,-6.936702683,0.264109056,-0.471301966,-10.84583677,-4.712486405,1307
-1.912951187,-2.117934757,-2.829694308,2.643772704,1.993604088,2.010391,1.151059153,-0.838568224,-3.189297266,-5.259072948,1309
-0.85080832,-0.254694825,-0.889109862,-1.204578331,-1.877400193,-0.355358862,0.071503648,-0.193930075,-12.06440049,-9.580196445,1310
-0.497202758,-0.984710854,-0.440290408,-4.8889863,-4.558153618,-4.873352376,-0.154345767,0.451919725,-13.69987651,-7.955214288,1311
-0.630443072,0.655472151,-0.345543624,-1.520815141,-5.766290898,-6.197252611,-0.665989317,-0.260395338,-8.688108673,-6.312081236,1312
-0.803630436,-0.911429783,-1.080550514,-0.437370512,1.059443075,0.250860667,1.231034615,0.078013741,-4.735265412,-3.244999464,1313
0.548643084,0.440797007,0.99123726,-2.728748091,-5.69912355,-4.959139802,-0.632357877,0.045934927,-9.031778033,-4.378678841,1316
0.643131428,0.784032479,0.911873726,1.021749425,-1.783494389,-0.957205464,0.928924106,0.012646296,-4.831133686,-3.168067881,1317
0.13516693,1.251594737,0.551968725,-0.726643825,-1.317475296,0.218493937,1.437293814,0.466370093,-5.307271692,-3.097431468,1321
-0.976788375,-0.902270525,-1.416539784,2.296708003,0.721042963,0.548195475,0.282702011,-0.702287108,-4.819247697,-5.391948888,1328
-2.251048548,-1.657686145,-2.964336966,0.767327895,0.414956603,0.297385438,0.078533082,0.621137767,-11.09771109,-12.47926274,1329
-0.463376874,0.192949969,-0.432938845,0.190764965,-0.80710755,0.085091044,0.594089949,0.011392909,-3.982997942,-3.347603186,1330
-1.081680283,-0.617636636,-0.918419174,-5.627580397,-7.533501275,-9.241097489,-0.52817041,-0.844430958,-13.84409039,-14.58066903,1332
-1.472053966,0.315426252,-1.685324533,2.751651607,2.691084932,-0.078387737,0.150345974,-0.249436497,-5.848239528,-4.90458068,1333
-0.088666798,0.457394373,-0.143286448,3.35397742,0.857915383,0.742493378,1.153655994,-0.682329814,-1.997539274,-4.217324714,1334
-1.9448308,-1.253078685,-2.209128803,-3.485004705,-6.315822549,-7.426324877,0.128369075,-0.636104537,-8.687972738,-6.579278295,1335
-0.590387478,-0.278384556,-0.421384081,-3.619716074,-7.214358345,-7.607050891,-0.28826129,0.063793162,-9.694808103,-4.241145281,1336
-1.469685394,0.740722309,-1.449513726,1.30679932,-0.498328134,0.621553683,-1.765174156,-0.087037775,-8.05653158,-4.614523547,1337
-1.92906043,-0.893824937,-2.389767328,0.827309567,0.177156829,-0.934571259,0.464087969,-0.991022828,-4.489453606,-5.948743652,1339
-0.258724692,0.826772242,8.69E-06,-0.416495735,-0.288925114,0.321858245,0.509946812,0.008106342,-6.688537957,-3.978886218,1340
-0.554051781,-0.29569865,-0.263256801,-5.275886496,-7.979586797,-9.148063398,-0.481675681,-0.76082168,-11.09565667,-9.256879699,1341
-1.082844997,-1.660584583,-1.387510984,-2.850281934,-6.424762181,-6.783012672,0.391197552,-1.025884225,-5.58336329,-3.307871335,1342
0.235120671,-0.482730294,0.225790315,-0.768585399,-0.782708249,-0.041118187,1.00277807,0.079056265,-8.593134397,-5.801266392,1343
-0.222141602,1.30752342,0.173475148,-0.523802973,0.50824953,0.395150173,0.48918719,0.048578547,-5.127068516,-2.850435897,1344
-2.367882125,-0.94980606,-2.861128798,0.507503325,-4.027038757,-4.14231258,0.00323609,-0.721800787,-3.987861348,-3.497048533,1345
-1.247523949,-0.677720817,-1.48986406,-0.69265112,-2.155817178,-0.366822525,0.682434598,-0.057844823,-6.273478807,-2.83751382,1346
-1.280410807,-0.455066152,-1.255016335,-3.305244583,-6.560536291,-7.641648043,-0.284669487,-0.693981494,-10.82139803,-9.322569527,1349
-0.246774699,-0.193495614,-0.116730545,-1.748502428,-5.995153395,-6.275343384,-0.865990656,-0.263524322,-7.785070605,-5.941571726,1352
-0.270106749,0.193628428,-0.193386629,0.191852544,-1.514179868,-0.731857638,-0.265848083,-0.432680052,-8.636546032,-6.123671187,1354
-0.07308649,0.235682957,-0.211221725,4.124459712,2.056325695,0.433044729,-0.185347612,-0.225884787,-8.204360921,-13.58870378,1355
0.225488061,0.930402339,0.497766609,0.852890559,0.4818247,0.199043512,0.698832079,-0.493421109,-2.155094099,-3.248042932,1356
-1.628333804,-1.694484495,-1.884296565,-4.76189394,-6.997680164,-8.362691769,0.187627008,-0.836597439,-8.509490535,-6.827851848,1357
-1.492279389,-0.104818589,-1.571351665,-0.83892704,-5.025511807,-5.188122903,-0.190945075,0.023795739,-5.459095405,-3.918113076,1358
-1.680548186,-0.931924416,-2.244630727,3.254874511,-2.058290791,-1.801606302,-0.898655678,-0.554772349,-2.144295255,-3.97842556,1359
-0.858973078,-0.158744617,-0.6555416,-4.147992696,-6.815080302,-8.207315288,0.424998777,-1.194441272,-7.094138739,-6.926823757,1360
-0.28428561,-0.152412382,-0.122079095,-2.319213158,-6.268482772,-7.080652736,0.204261945,-1.094186658,-8.857900373,-8.646789382,1366
-1.16749938,0.763567565,-0.972455766,-1.420469336,0.695712675,-1.01392827,0.399067173,0.012489945,-12.27883359,-10.67438481,1368
0.030097198,0.815357398,0.502625845,-2.844322526,-6.613595806,-6.942929051,0.407228917,-0.137815805,-8.204076935,-5.088887646,1370
